"Symbol  ","Series  ","Date  ","Prev Close  ","Open Price  ","High Price  ","Low Price  ","Last Price  ","Close Price  ","Average Price ","Total Traded Quantity  ","Turnover ₹  ","No. of Trades  ","Deliverable Qty  ","% Dly Qt to Traded Qty  "
"WIPRO","EQ","01-Oct-2026","158.50","158.61","160.95","157.25","159.35","159.35","159.15","1,85,21,731","2,94,77,15,457.11","1,25,837","1,07,46,142","58.02"
"WIPRO","EQ","30-Sep-2026","156.79","157.01","161.73","157.01","158.50","158.50","159.67","1,59,66,068","2,54,92,59,844.27","1,07,306","74,14,612","46.44"
"WIPRO","EQ","29-Sep-2026","161.56","161.00","162.43","156.79","156.79","156.79","157.06","16,44,53,787","25,82,86,95,629.96","1,47,207","14,40,35,654","87.58"
"WIPRO","EQ","28-Sep-2026","164.02","164.02","164.45","160.97","161.56","161.56","162.17","1,03,09,220","1,67,18,68,977.39","83,152","44,26,063","42.93"
"WIPRO","EQ","25-Sep-2026","163.64","163.05","164.50","161.66","164.02","164.02","163.45","97,00,283","1,58,54,94,938.60","80,693","47,82,890","49.31"
"WIPRO","EQ","24-Sep-2026","164.90","164.16","165.67","163.36","163.64","163.64","164.36","70,33,397","1,15,60,39,370.72","65,135","25,95,901","36.91"
"WIPRO","EQ","23-Sep-2026","166.00","164.70","165.70","164.10","164.90","164.90","164.84","1,08,56,986","1,78,97,15,037.09","75,493","61,55,653","56.70"
"WIPRO","EQ","22-Sep-2026","164.55","164.81","166.00","163.21","166.00","166.00","164.43","1,47,26,893","2,42,15,74,894.37","80,702","77,79,204","52.82"
"WIPRO","EQ","21-Sep-2026","166.83","165.24","165.50","163.34","164.55","164.55","164.44","92,82,035","1,52,63,28,975.55","67,278","36,70,332","39.54"
"WIPRO","EQ","18-Sep-2026","166.40","166.90","166.90","163.30","166.83","166.83","165.23","2,36,06,474","3,90,04,10,009.34","1,10,936","1,37,71,360","58.34"
"WIPRO","EQ","17-Sep-2026","166.89","165.75","167.60","165.02","166.40","166.40","166.36","91,29,514","1,51,88,12,800.50","75,807","43,13,358","47.25"
"WIPRO","EQ","16-Sep-2026","170.00","170.02","170.89","166.11","166.89","166.89","167.61","1,10,30,339","1,84,87,57,397.16","80,485","55,26,969","50.11"
"WIPRO","EQ","15-Sep-2026","167.40","172.20","173.35","169.01","170.00","170.00","171.52","1,17,22,173","2,01,06,03,632.02","87,437","35,07,523","29.92"
"WIPRO","EQ","11-Sep-2026","166.30","165.20","167.75","165.16","167.40","167.40","166.93","84,84,897","1,41,64,05,057.35","69,199","32,77,153","45.78"
"WIPRO","EQ","10-Sep-2026","167.00","167.90","169.19","166.00","166.30","166.30","166.97","95,86,645","1,60,06,78,806.38","77,695","39,85,186","41.57"
"WIPRO","EQ","09-Sep-2026","171.50","168.70","169.15","166.37","167.00","167.00","167.71","1,20,01,620","2,01,28,30,925.32","1,17,652","58,40,104","48.66"
"WIPRO","EQ","08-Sep-2026","172.80","172.80","172.90","171.13","171.50","171.50","171.73","69,48,945","1,19,33,26,130.04","70,344","36,05,095","51.88"
"WIPRO","EQ","07-Sep-2026","176.40","175.89","176.47","172.65","172.80","172.80","173.62","1,07,20,636","1,86,13,27,806.30","1,04,981","51,54,535","48.08"
"WIPRO","EQ","04-Sep-2026","175.72","176.74","178.75","176.40","176.40","176.40","177.62","68,82,678","1,22,25,02,362.77","48,742","31,43,304","45.67"
"WIPRO","EQ","03-Sep-2026","177.09","177.50","178.04","175.72","175.72","175.72","176.91","64,96,396","1,14,92,63,457.98","52,799","30,06,513","46.28"
"WIPRO","EQ","02-Sep-2026","181.70","180.00","180.39","176.80","177.09","177.09","177.85","1,20,56,634","2,14,42,79,105.16","1,01,352","59,36,938","49.24"
"WIPRO","EQ","01-Sep-2026","184.50","181.00","182.10","178.50","181.70","181.70","181.02","68,13,425","1,23,33,78,820.04","58,669","28,75,650","42.21"
"WIPRO","EQ","31-Aug-2026","180.95","180.17","184.50","176.17","184.50","184.50","180.81","1,66,66,567","3,01,35,41,281.24","74,522","1,05,71,399","63.43"
"WIPRO","EQ","28-Aug-2026","176.40","178.25","181.85","178.25","180.95","180.95","180.28","1,46,86,269","2,64,76,12,449.73","78,138","55,26,958","37.63"
"WIPRO","EQ","27-Aug-2026","177.35","177.35","178.70","176.40","176.40","176.40","177.35","46,95,019","83,26,39,252.33","54,303","21,72,376","46.27"
"WIPRO","EQ","26-Aug-2026","180.09","180.09","180.95","176.66","177.35","177.35","178.27","93,55,776","1,66,78,99,694.74","67,256","49,63,438","53.05"
"WIPRO","EQ","25-Aug-2026","181.31","181.29","181.29","178.39","180.09","180.09","179.67","83,52,475","1,50,06,60,143.63","61,275","45,64,208","54.64"
"WIPRO","EQ","24-Aug-2026","180.79","181.00","183.92","180.56","181.31","181.31","181.96","94,41,129","1,71,79,16,986.71","83,122","29,99,220","31.77"
"WIPRO","EQ","21-Aug-2026","181.00","180.60","181.76","180.00","180.79","180.79","180.80","46,37,869","83,85,32,731.67","40,108","20,33,162","43.84"
"WIPRO","EQ","20-Aug-2026","179.55","181.56","182.46","180.51","181.00","181.00","181.21","53,64,164","97,20,44,920.39","53,548","20,98,025","39.11"
"WIPRO","EQ","19-Aug-2026","178.06","179.06","179.95","178.22","179.55","179.55","179.24","59,64,187","1,06,90,04,927.60","47,082","21,73,754","36.45"
"WIPRO","EQ","18-Aug-2026","181.90","181.90","181.99","178.06","178.06","178.06","179.39","70,74,731","1,26,91,20,344.59","62,610","30,15,718","42.63"
"WIPRO","EQ","17-Aug-2026","184.00","183.50","183.71","181.00","181.90","181.90","181.90","44,36,515","80,70,05,488.04","43,044","18,22,063","41.07"
"WIPRO","EQ","14-Aug-2026","183.10","183.55","185.84","183.10","184.00","184.00","184.39","73,66,162","1,35,82,14,033.39","54,338","28,26,623","38.37"
"WIPRO","EQ","13-Aug-2026","183.94","183.49","183.75","181.72","183.10","183.10","182.87","54,34,084","99,37,51,101.35","49,700","30,52,925","56.18"
"WIPRO","EQ","12-Aug-2026","184.60","184.51","185.00","181.91","183.94","183.94","183.05","86,24,548","1,57,87,57,599.29","65,622","47,98,882","55.64"
"WIPRO","EQ","11-Aug-2026","185.50","185.50","187.48","183.31","184.60","184.60","184.77","91,82,421","1,69,66,03,729.88","65,019","38,02,096","41.41"
"WIPRO","EQ","10-Aug-2026","187.53","187.53","187.89","185.00","185.50","185.50","186.26","53,37,618","99,41,84,449.98","58,230","26,19,892","49.08"
"WIPRO","EQ","07-Aug-2026","186.12","185.87","188.37","185.65","187.53","187.53","187.18","78,23,102","1,46,43,59,024.58","50,716","34,26,067","43.79"
"WIPRO","EQ","06-Aug-2026","186.99","186.00","188.24","185.41","186.12","186.12","186.17","66,29,768","1,23,42,83,190.42","68,707","35,06,385","52.89"
"WIPRO","EQ","05-Aug-2026","186.30","187.00","188.54","186.07","186.99","186.99","187.01","88,29,250","1,65,11,82,951.76","66,846","53,39,925","60.48"
"WIPRO","EQ","04-Aug-2026","188.66","189.00","189.40","186.30","186.30","186.30","187.77","1,19,03,457","2,23,51,31,673.03","68,603","76,16,447","63.99"
"WIPRO","EQ","03-Aug-2026","183.65","184.02","189.81","184.02","188.66","188.66","186.59","1,58,40,516","2,95,57,09,890.07","89,377","82,20,904","51.90"
"WIPRO","EQ","31-Jul-2026","186.33","184.85","185.24","180.83","183.75","183.65","183.45","1,87,62,810","3,44,21,22,362.61","1,00,223","72,44,953","38.61"
"WIPRO","EQ","30-Jul-2026","183.61","183.40","191.34","183.40","186.41","186.33","188.15","5,40,15,268","10,16,29,99,903.44","2,52,008","2,54,03,012","47.03"
"WIPRO","EQ","29-Jul-2026","181.12","183.00","185.76","181.45","183.30","183.61","184.13","2,61,47,867","4,81,45,63,827.91","1,21,817","1,39,19,409","53.23"
"WIPRO","EQ","28-Jul-2026","178.53","178.55","181.70","178.55","181.05","181.12","180.78","2,68,73,060","4,85,82,05,193.47","1,22,922","1,40,21,785","52.18"
"WIPRO","EQ","27-Jul-2026","177.12","177.50","178.78","175.61","178.35","178.53","177.36","1,25,04,426","2,21,77,96,971.54","75,289","48,84,575","39.06"
"WIPRO","EQ","24-Jul-2026","174.82","174.00","177.90","172.80","176.55","177.12","176.09","1,32,82,944","2,33,90,48,353.90","83,516","55,54,372","41.82"
"WIPRO","EQ","23-Jul-2026","174.44","173.81","175.56","173.31","175.00","174.82","174.56","90,55,905","1,58,08,38,256.69","74,453","45,77,497","50.55"
"WIPRO","EQ","22-Jul-2026","174.97","174.77","174.96","173.42","174.40","174.44","174.27","50,57,035","88,13,11,056.24","48,822","22,72,763","44.94"
"WIPRO","EQ","21-Jul-2026","176.38","176.11","177.50","174.50","174.80","174.97","175.29","1,13,50,578","1,98,96,85,035.79","80,463","66,91,592","58.95"
"WIPRO","EQ","20-Jul-2026","176.00","177.00","177.80","175.85","176.55","176.38","176.40","1,01,83,661","1,79,63,92,962.93","58,124","57,33,523","56.30"
"WIPRO","EQ","17-Jul-2026","177.74","173.55","176.26","173.55","175.90","176.00","175.21","2,29,60,032","4,02,29,17,199.91","1,20,235","82,49,290","35.93"
"WIPRO","EQ","16-Jul-2026","174.65","175.60","177.99","175.41","177.70","177.74","177.41","1,11,84,572","1,98,42,43,742.85","77,793","42,72,725","38.20"
"WIPRO","EQ","15-Jul-2026","177.14","175.12","176.60","174.49","174.66","174.65","175.44","1,03,98,720","1,82,43,50,981.13","85,262","45,81,884","44.06"
"WIPRO","EQ","14-Jul-2026","178.43","178.50","180.50","176.71","176.80","177.14","178.17","1,44,61,463","2,57,66,54,026.67","1,02,905","67,13,764","46.43"
"WIPRO","EQ","13-Jul-2026","175.46","174.60","179.95","174.36","178.41","178.43","178.09","2,24,17,855","3,99,24,45,102.77","1,27,259","94,16,835","42.01"
"WIPRO","EQ","10-Jul-2026","172.76","175.23","177.22","175.00","175.52","175.46","175.87","1,62,49,590","2,85,78,55,693.25","1,11,529","78,35,208","48.22"
"WIPRO","EQ","09-Jul-2026","172.72","173.00","174.29","171.65","172.94","172.76","173.19","1,02,70,117","1,77,87,06,092.51","92,179","51,86,079","50.50"
"WIPRO","EQ","08-Jul-2026","173.00","173.00","175.40","172.24","173.00","172.72","174.03","1,64,82,564","2,86,85,02,961.54","91,587","74,91,386","45.45"
"WIPRO","EQ","07-Jul-2026","174.32","173.90","176.20","172.77","173.00","173.00","174.13","1,88,37,725","3,28,01,70,046.66","1,04,034","1,04,30,149","55.37"
"WIPRO","EQ","06-Jul-2026","176.08","176.08","176.30","173.57","174.35","174.32","174.36","83,04,046","1,44,79,27,145.12","77,305","34,02,792","40.98"
"WIPRO","EQ","03-Jul-2026","174.00","176.20","178.14","174.59","175.79","176.08","176.76","2,95,38,753","5,22,12,84,626.75","1,36,916","1,30,89,889","44.31"
"WIPRO","EQ","02-Jul-2026","170.13","169.49","174.97","169.00","174.00","174.00","173.44","4,34,47,174","7,53,55,60,679.27","1,75,846","1,75,10,300","40.30"
"WIPRO","EQ","01-Jul-2026","170.39","171.00","172.15","169.25","169.85","170.13","170.67","3,46,38,511","5,91,16,51,938.79","1,54,042","2,07,74,169","59.97"
"WIPRO","EQ","30-Jun-2026","175.48","175.00","175.40","170.05","170.35","170.39","171.38","2,68,45,383","4,60,08,72,201.76","1,98,307","1,31,08,126","48.83"
"WIPRO","EQ","29-Jun-2026","175.00","176.28","176.69","174.60","175.60","175.48","175.48","2,44,84,011","4,29,64,47,801.47","1,33,844","1,57,54,931","64.35"
"WIPRO","EQ","25-Jun-2026","174.48","176.00","176.39","172.69","175.09","175.00","174.66","2,15,44,904","3,76,29,65,948.25","1,54,816","94,46,400","43.85"
"WIPRO","EQ","24-Jun-2026","174.49","171.50","175.49","171.49","174.66","174.48","173.75","5,66,27,728","9,83,88,78,787.29","2,63,311","2,93,53,950","51.84"
"WIPRO","EQ","23-Jun-2026","180.18","179.50","179.50","174.00","174.39","174.49","176.13","2,39,54,730","4,21,91,85,940.40","2,35,540","1,24,59,589","52.01"
"WIPRO","EQ","22-Jun-2026","180.80","180.84","182.40","180.00","180.18","180.18","180.84","1,03,68,112","1,87,49,74,170.26","91,630","50,22,720","48.44"
"WIPRO","EQ","19-Jun-2026","182.84","176.76","181.48","174.89","180.50","180.80","178.06","3,74,69,436","6,67,17,99,706.57","1,94,008","1,54,45,236","41.22"
"WIPRO","EQ","18-Jun-2026","184.47","184.47","184.76","181.71","182.95","182.84","182.82","1,81,65,845","3,32,10,55,933.68","92,785","88,26,495","48.59"
"WIPRO","EQ","17-Jun-2026","182.67","184.00","185.25","183.58","184.30","184.47","184.55","1,61,31,548","2,97,70,11,740.47","87,482","76,87,130","47.65"
"WIPRO","EQ","16-Jun-2026","181.38","182.39","183.38","181.63","182.58","182.67","182.57","1,17,06,020","2,13,71,22,977.19","75,504","43,62,551","37.27"
"WIPRO","EQ","15-Jun-2026","180.14","183.00","183.00","180.91","181.12","181.38","181.69","1,38,70,660","2,52,01,99,813.19","99,233","62,79,610","45.27"
"WIPRO","EQ","12-Jun-2026","177.37","178.65","180.45","177.57","180.23","180.14","178.84","1,38,50,153","2,47,69,94,305.57","99,876","53,34,954","38.52"
"WIPRO","EQ","11-Jun-2026","178.93","176.97","178.20","175.83","177.50","177.37","177.14","1,44,68,882","2,56,29,79,731.99","1,18,937","46,36,736","32.05"
"WIPRO","EQ","10-Jun-2026","181.67","182.10","182.29","178.50","178.64","178.93","180.44","1,69,35,979","3,05,60,03,609.07","1,57,206","73,80,598","43.58"
"WIPRO","EQ","09-Jun-2026","181.76","183.97","184.35","180.60","181.90","181.67","182.12","2,83,81,665","5,16,88,87,751.35","1,82,899","97,68,828","34.42"
"WIPRO","EQ","08-Jun-2026","198.37","193.39","193.89","181.00","181.60","181.76","185.81","7,51,64,049","13,96,59,97,323.37","4,54,482","2,86,28,571","38.09"
"WIPRO","EQ","05-Jun-2026","204.32","191.52","199.00","188.15","198.05","198.37","195.67","4,35,39,069","8,51,94,08,470.50","2,04,926","98,20,147","22.55"
"WIPRO","EQ","04-Jun-2026","204.10","203.00","205.09","202.10","204.00","204.32","204.00","4,06,59,957","8,29,44,48,982.60","2,07,189","2,53,20,588","62.27"
"WIPRO","EQ","03-Jun-2026","209.84","208.00","208.40","202.00","203.90","204.10","204.92","6,22,82,204","12,76,25,61,640.01","3,37,929","2,97,08,601","47.70"
"WIPRO","EQ","02-Jun-2026","206.41","208.00","210.18","206.51","210.10","209.84","208.57","4,24,76,874","8,85,91,98,813.14","2,42,840","2,16,03,126","50.86"
"WIPRO","EQ","01-Jun-2026","204.25","205.10","207.75","205.10","206.51","206.41","206.59","2,64,91,139","5,47,28,12,912.65","1,85,455","1,36,18,866","51.41"
"WIPRO","EQ","29-May-2026","201.58","211.00","211.00","203.65","204.10","204.25","205.97","8,27,34,524","17,04,08,85,251.68","3,44,553","3,69,42,870","44.65"
"WIPRO","EQ","27-May-2026","203.73","203.85","205.99","200.20","201.70","201.58","202.23","3,94,65,643","7,98,11,41,921.30","2,15,584","1,80,91,732","45.84"
"WIPRO","EQ","26-May-2026","206.84","206.99","208.69","202.94","203.49","203.73","206.01","4,64,58,415","9,57,08,50,439.97","1,74,027","2,71,77,631","58.50"
"WIPRO","EQ","25-May-2026","203.11","207.00","209.55","204.06","206.00","206.84","207.37","7,20,41,558","14,93,90,79,346.43","2,79,969","4,06,44,613","56.42"
"WIPRO","EQ","22-May-2026","199.74","200.00","205.40","198.83","202.97","203.11","203.31","4,00,14,399","8,13,51,97,427.41","2,02,382","2,00,68,729","50.15"
"WIPRO","EQ","21-May-2026","197.12","198.50","200.04","197.50","199.51","199.74","199.12","1,89,80,608","3,77,94,60,800.93","1,00,328","1,02,70,679","54.11"
"WIPRO","EQ","20-May-2026","195.17","194.61","197.94","194.01","197.20","197.12","196.45","1,62,01,692","3,18,28,74,012.74","1,25,295","93,37,265","57.63"
"WIPRO","EQ","19-May-2026","192.17","192.40","198.00","192.40","195.50","195.17","196.04","2,05,34,622","4,02,56,95,177.98","1,19,758","94,10,748","45.83"
"WIPRO","EQ","18-May-2026","190.00","190.99","192.75","189.20","192.49","192.17","191.22","1,63,27,369","3,12,21,38,028.38","1,15,736","80,62,166","49.38"
"WIPRO","EQ","15-May-2026","188.30","189.90","191.90","188.80","190.29","190.00","190.34","1,79,02,610","3,40,75,57,689.52","88,120","99,78,577","55.74"
"WIPRO","EQ","14-May-2026","187.80","188.25","190.18","187.00","188.10","188.30","188.23","1,82,80,387","3,44,08,28,213.82","1,27,391","78,56,263","42.98"
"WIPRO","EQ","13-May-2026","189.57","190.67","191.30","187.31","187.98","187.80","188.47","1,72,42,394","3,24,97,60,003.48","1,97,358","81,28,752","47.14"
"WIPRO","EQ","12-May-2026","196.68","196.10","196.14","189.10","190.30","189.57","191.15","2,74,35,195","5,24,41,91,215.71","2,46,003","1,59,48,588","58.13"
"WIPRO","EQ","11-May-2026","197.91","197.88","198.24","196.15","196.20","196.68","197.29","91,99,527","1,81,49,79,413.73","97,687","54,51,625","59.26"
"WIPRO","EQ","08-May-2026","197.36","198.00","198.94","196.70","197.88","197.91","197.60","1,59,70,687","3,15,58,74,178.22","1,17,925","82,14,736","51.44"
"WIPRO","EQ","07-May-2026","199.12","199.50","200.28","197.19","197.39","197.36","198.02","1,93,03,572","3,82,25,87,046.86","1,65,769","1,23,09,006","63.77"
"WIPRO","EQ","06-May-2026","199.78","200.51","201.13","198.25","199.25","199.12","199.45","1,31,66,683","2,62,60,61,041.01","1,09,959","75,86,578","57.62"
"WIPRO","EQ","05-May-2026","200.75","200.00","202.30","199.60","200.08","199.78","200.24","88,99,200","1,78,19,38,444.48","83,229","49,87,705","56.05"
"WIPRO","EQ","04-May-2026","200.65","202.40","203.37","200.06","200.91","200.75","201.10","84,46,995","1,69,87,19,450.98","96,418","41,56,812","49.21"
"WIPRO","EQ","30-Apr-2026","200.68","200.89","202.15","200.00","201.20","200.65","201.08","1,53,00,274","3,07,65,64,711.59","1,18,709","78,77,507","51.49"
"WIPRO","EQ","29-Apr-2026","201.58","201.58","203.60","200.30","200.97","200.68","201.78","1,56,67,662","3,16,14,03,879.64","1,08,113","93,61,300","59.75"
"WIPRO","EQ","28-Apr-2026","205.05","204.56","205.68","201.02","201.70","201.58","203.65","2,34,55,983","4,77,67,29,141.30","1,37,564","1,44,10,363","61.44"
"WIPRO","EQ","27-Apr-2026","199.36","199.36","205.25","199.36","204.98","205.05","203.64","4,26,32,215","8,68,14,21,449.63","1,48,896","2,63,53,207","61.82"
"WIPRO","EQ","24-Apr-2026","202.76","202.75","202.75","197.88","199.45","199.36","199.34","3,93,63,394","7,84,66,56,129.54","2,14,509","2,13,92,871","54.35"
"WIPRO","EQ","23-Apr-2026","204.00","204.00","204.90","202.30","202.87","202.76","203.44","2,03,07,250","4,13,12,07,952.89","1,07,840","1,18,96,106","58.58"
"WIPRO","EQ","22-Apr-2026","205.01","203.50","205.38","202.20","204.00","204.00","203.69","2,17,90,433","4,43,84,08,371.28","1,31,951","1,11,80,408","51.31"
"WIPRO","EQ","21-Apr-2026","202.48","203.00","205.70","202.48","204.98","205.01","204.58","2,15,30,723","4,40,48,45,466.23","1,18,466","1,20,81,003","56.11"
"WIPRO","EQ","20-Apr-2026","204.32","204.50","205.20","202.00","202.40","202.48","203.20","2,79,27,164","5,67,47,76,720.96","1,72,473","1,61,22,460","57.73"
"WIPRO","EQ","17-Apr-2026","210.26","205.00","206.45","202.50","204.30","204.32","204.38","8,05,42,603","16,46,10,70,186.09","4,10,173","3,88,87,187","48.28"
"WIPRO","EQ","16-Apr-2026","209.75","212.98","212.98","208.21","210.15","210.26","210.27","3,63,05,074","7,63,38,47,879.14","1,50,486","1,71,67,778","47.29"
"WIPRO","EQ","15-Apr-2026","202.97","206.50","210.49","205.10","210.00","209.75","208.41","2,78,90,080","5,81,26,05,097.93","1,38,695","1,60,75,541","57.64"
"WIPRO","EQ","13-Apr-2026","204.88","203.01","203.40","200.31","202.96","202.97","202.20","2,19,30,624","4,43,43,80,087.80","1,58,241","1,13,24,156","51.64"
"WIPRO","EQ","10-Apr-2026","202.87","208.70","208.70","200.62","204.60","204.88","204.11","5,12,19,565","10,45,43,17,743.49","2,81,613","1,93,12,043","37.70"
"WIPRO","EQ","09-Apr-2026","203.42","203.71","204.16","201.63","203.18","202.87","202.90","1,45,40,807","2,95,03,37,887.67","91,739","71,35,961","49.08"
"WIPRO","EQ","08-Apr-2026","204.72","207.70","209.00","202.80","203.59","203.42","203.97","2,20,84,158","4,50,44,03,412.36","1,50,717","82,79,215","37.49"
"WIPRO","EQ","07-Apr-2026","197.29","197.01","205.27","197.01","204.60","204.72","203.15","2,47,71,466","5,03,23,02,128.20","1,63,132","86,86,941","35.07"
"WIPRO","EQ","06-Apr-2026","194.91","197.00","201.18","196.11","197.70","197.29","197.66","2,32,82,287","4,60,19,08,523.20","1,59,997","77,02,340","33.08"
"WIPRO","EQ","02-Apr-2026","191.18","190.50","195.34","188.58","194.80","194.91","193.07","1,66,23,045","3,20,94,25,810.70","1,01,271","76,38,854","45.95"
"WIPRO","EQ","01-Apr-2026","187.64","191.51","194.49","190.41","191.10","191.18","192.46","1,17,69,673","2,26,52,16,829.13","92,695","39,51,528","33.57"
"WIPRO","EQ","30-Mar-2026","191.60","189.99","191.63","186.50","187.00","187.64","189.19","2,79,46,986","5,28,73,82,921.11","1,73,625","1,45,72,973","52.15"
"WIPRO","EQ","27-Mar-2026","189.05","189.05","192.29","187.90","191.35","191.60","190.92","2,62,69,256","5,01,54,10,362.77","1,92,286","1,37,69,892","52.42"
"WIPRO","EQ","25-Mar-2026","188.74","189.00","190.62","187.90","189.18","189.05","189.50","1,38,62,888","2,62,70,31,512.41","1,09,586","69,84,167","50.38"
"WIPRO","EQ","24-Mar-2026","187.54","191.50","191.50","187.80","188.94","188.74","189.31","1,18,43,191","2,24,19,83,923.98","1,10,863","53,14,843","44.88"
"WIPRO","EQ","23-Mar-2026","190.90","189.41","190.62","187.00","187.60","187.54","188.66","1,20,14,988","2,26,67,53,419.91","1,20,117","56,92,997","47.38"
"WIPRO","EQ","20-Mar-2026","188.41","191.19","192.30","188.41","190.90","190.90","190.50","2,43,95,304","4,64,72,39,937.97","1,11,477","1,26,37,524","51.80"
"WIPRO","EQ","19-Mar-2026","194.30","191.98","192.79","187.68","188.87","188.41","189.50","1,36,85,195","2,59,33,63,791.01","1,49,800","65,12,815","47.59"
"WIPRO","EQ","18-Mar-2026","191.32","193.00","198.00","192.69","194.22","194.30","196.02","2,45,29,164","4,80,82,46,184.36","1,44,511","1,12,83,530","46.00"
"WIPRO","EQ","17-Mar-2026","195.11","195.00","195.11","188.25","191.10","191.32","190.83","2,17,78,468","4,15,59,54,046.49","1,81,081","71,72,041","32.93"
"WIPRO","EQ","16-Mar-2026","197.58","196.24","198.29","192.77","194.05","195.11","195.06","1,26,31,649","2,46,39,51,140.92","1,20,537","53,29,423","42.19"
"WIPRO","EQ","13-Mar-2026","202.51","200.60","202.07","196.04","197.75","197.58","198.59","1,26,29,652","2,50,80,92,237.01","1,21,034","67,00,174","53.05"
"WIPRO","EQ","12-Mar-2026","202.23","201.06","203.80","199.70","201.96","202.51","202.11","1,90,42,475","3,84,87,50,619.00","1,35,021","1,12,12,760","58.88"
"WIPRO","EQ","11-Mar-2026","200.93","202.69","205.95","201.58","201.80","202.23","203.00","2,91,99,002","5,92,75,36,706.91","1,51,769","1,65,33,301","56.62"
"WIPRO","EQ","10-Mar-2026","198.75","200.50","201.31","197.42","200.99","200.93","199.46","1,29,82,340","2,58,94,48,748.31","1,10,516","63,56,020","48.96"
"WIPRO","EQ","09-Mar-2026","195.40","194.00","199.50","193.03","198.60","198.75","196.93","2,58,62,728","5,09,32,38,385.04","1,28,441","1,44,63,173","55.92"
"WIPRO","EQ","06-Mar-2026","195.68","195.60","198.93","195.00","196.00","195.40","196.73","90,22,914","1,77,51,05,200.49","94,511","38,74,135","42.94"
"WIPRO","EQ","05-Mar-2026","195.55","196.40","196.97","193.22","195.80","195.68","194.92","1,31,49,281","2,56,31,03,270.46","1,16,136","59,65,070","45.36"
"WIPRO","EQ","04-Mar-2026","198.57","196.01","197.12","194.51","195.11","195.55","195.63","1,95,62,075","3,82,69,99,198.57","1,93,797","1,00,12,059","51.18"
"WIPRO","EQ","02-Mar-2026","200.96","195.00","200.36","194.70","198.75","198.57","198.37","1,04,86,866","2,08,02,85,715.84","1,61,009","36,02,201","34.35"
"WIPRO","EQ","27-Feb-2026","201.08","204.00","204.00","200.05","200.98","200.96","201.53","1,32,88,519","2,67,80,97,948.63","1,13,529","65,18,180","49.05"
"WIPRO","EQ","26-Feb-2026","201.92","203.71","204.63","199.12","201.00","201.08","201.45","1,43,78,069","2,89,64,00,453.33","1,55,229","52,86,193","36.77"
"WIPRO","EQ","25-Feb-2026","200.14","201.31","205.48","201.31","201.79","201.92","203.23","1,39,79,068","2,84,09,45,214.89","1,40,141","55,75,400","39.88"
"WIPRO","EQ","24-Feb-2026","205.89","203.00","203.29","199.36","200.49","200.14","200.72","2,50,36,686","5,02,54,74,889.20","2,47,920","1,09,00,137","43.54"
"WIPRO","EQ","23-Feb-2026","209.86","210.36","211.74","204.28","205.90","205.89","206.25","2,09,46,229","4,32,02,49,654.42","2,17,361","89,26,325","42.62"
"WIPRO","EQ","20-Feb-2026","211.21","209.70","211.96","208.25","210.03","209.86","210.08","1,76,90,420","3,71,63,53,912.40","1,63,649","81,83,677","46.26"
"WIPRO","EQ","19-Feb-2026","211.95","214.00","215.44","210.40","210.72","211.21","212.77","1,41,51,588","3,01,09,68,870.62","1,02,693","45,79,886","32.36"
"WIPRO","EQ","18-Feb-2026","215.69","216.20","216.40","210.26","212.15","211.95","211.74","2,26,79,760","4,80,22,86,730.38","2,01,305","72,99,713","32.19"
"WIPRO","EQ","17-Feb-2026","213.26","213.26","219.39","212.26","215.85","215.69","216.29","2,69,41,553","5,82,72,21,311.40","1,74,468","89,61,417","33.26"
"WIPRO","EQ","16-Feb-2026","214.09","214.62","216.91","210.11","213.19","213.26","212.31","2,07,54,327","4,40,62,62,164.20","1,41,937","1,00,79,211","48.56"
"WIPRO","EQ","13-Feb-2026","219.08","210.65","216.48","209.01","214.38","214.09","212.96","2,37,21,186","5,05,16,42,828.09","2,23,527","69,05,411","29.11"
"WIPRO","EQ","12-Feb-2026","229.81","226.20","226.26","218.50","218.80","219.08","220.27","4,08,99,346","9,00,86,99,673.62","3,48,088","1,98,44,854","48.52"
"WIPRO","EQ","11-Feb-2026","231.47","231.47","233.00","229.50","229.90","229.81","230.60","78,74,912","1,81,59,19,099.56","96,034","40,47,635","51.40"
"WIPRO","EQ","10-Feb-2026","230.08","229.98","232.86","227.20","231.29","231.47","230.57","1,24,35,622","2,86,72,56,204.31","1,28,441","54,01,805","43.44"
"WIPRO","EQ","09-Feb-2026","230.72","231.85","232.93","229.61","230.10","230.08","230.50","91,12,474","2,10,04,23,973.57","1,42,928","53,50,753","58.72"
"WIPRO","EQ","06-Feb-2026","233.39","232.93","232.93","228.60","230.40","230.72","230.42","1,22,79,085","2,82,93,40,341.01","1,29,896","64,83,358","52.80"
"WIPRO","EQ","05-Feb-2026","233.34","233.34","235.57","231.70","233.18","233.39","233.60","1,01,02,736","2,36,00,14,960.27","1,03,605","45,35,185","44.89"
"WIPRO","EQ","04-Feb-2026","242.69","235.91","235.92","226.26","233.50","233.34","232.66","2,59,95,324","6,04,81,03,593.33","2,80,243","1,16,40,980","44.78"
"WIPRO","EQ","03-Feb-2026","242.30","259.21","259.89","242.28","242.56","242.69","245.96","2,59,15,412","6,37,42,01,212.56","2,16,052","1,41,50,979","54.60"
"WIPRO","EQ","02-Feb-2026","241.80","244.00","244.08","239.29","242.50","242.30","241.63","1,23,35,721","2,98,06,71,194.71","1,11,976","73,14,158","59.29"
"WIPRO","EQ","01-Feb-2026","236.90","236.80","247.23","235.44","241.93","241.80","243.26","2,10,33,580","5,11,66,87,974.78","1,32,501","73,59,968","34.99"
"WIPRO","EQ","30-Jan-2026","239.80","238.00","238.00","235.30","236.45","236.90","236.70","1,13,62,317","2,68,94,18,720.10","99,619","81,72,447","71.93"
"WIPRO","EQ","29-Jan-2026","237.35","236.20","240.90","235.45","240.00","239.80","238.25","1,22,01,949","2,90,71,49,547.20","1,05,121","78,20,132","64.09"
"WIPRO","EQ","28-Jan-2026","234.80","235.50","238.10","234.95","237.95","237.35","236.78","1,01,55,128","2,40,45,10,223.95","79,176","62,79,349","61.83"
"WIPRO","EQ","27-Jan-2026","238.40","235.20","236.40","231.75","235.40","234.80","233.70","1,56,77,537","3,66,37,86,513.30","1,60,464","92,14,862","58.78"
"WIPRO","EQ","23-Jan-2026","240.65","242.30","243.55","237.85","238.05","238.40","239.93","1,35,46,802","3,25,02,67,738.10","1,26,293","83,02,370","61.29"
"WIPRO","EQ","22-Jan-2026","239.55","242.00","242.90","239.20","241.15","240.65","240.90","85,37,915","2,05,67,52,884.20","73,157","44,12,601","51.68"
"WIPRO","EQ","21-Jan-2026","239.90","239.90","242.60","237.60","239.70","239.55","239.61","1,43,97,792","3,44,98,05,601.80","1,51,454","61,91,162","43.00"
"WIPRO","EQ","20-Jan-2026","245.95","245.95","246.00","239.40","240.00","239.90","241.39","1,67,96,201","4,05,44,22,725.25","1,69,874","81,75,026","48.67"
"WIPRO","EQ","19-Jan-2026","267.45","252.00","252.00","241.55","245.50","245.95","247.18","6,58,33,247","16,27,27,76,476.70","4,11,151","3,38,98,415","51.49"
"WIPRO","EQ","16-Jan-2026","260.20","263.25","269.80","263.00","266.80","267.45","267.82","1,20,28,289","3,22,14,09,323.85","1,02,007","48,78,874","40.56"
"WIPRO","EQ","14-Jan-2026","264.20","264.00","264.00","259.60","260.95","260.20","260.83","56,25,861","1,46,73,65,399.25","62,045","30,71,443","54.60"
"WIPRO","EQ","13-Jan-2026","263.10","263.45","264.85","261.30","264.40","264.20","263.22","69,31,244","1,82,44,23,897.40","51,936","36,55,815","52.74"
"WIPRO","EQ","12-Jan-2026","261.95","260.70","264.50","259.05","263.30","263.10","262.60","38,02,164","99,84,62,092.20","53,333","13,21,153","34.75"
"WIPRO","EQ","09-Jan-2026","262.20","261.35","263.95","260.45","262.50","261.95","262.19","47,35,387","1,24,15,70,196.80","57,177","20,93,976","44.22"
"WIPRO","EQ","08-Jan-2026","270.80","270.90","270.90","261.35","261.90","262.20","264.82","92,69,522","2,45,47,64,339.35","1,00,744","48,47,203","52.29"
"WIPRO","EQ","07-Jan-2026","265.60","265.00","272.50","264.50","270.35","270.80","270.12","1,02,42,615","2,76,67,04,654.85","87,098","45,21,628","44.15"
"WIPRO","EQ","06-Jan-2026","263.30","263.30","266.10","262.95","265.10","265.60","264.91","40,83,654","1,08,18,11,495.90","56,243","20,26,595","49.63"
"WIPRO","EQ","05-Jan-2026","269.00","269.45","269.65","261.70","263.00","263.30","263.83","70,06,599","1,84,85,24,489.65","88,066","31,13,109","44.43"
"WIPRO","EQ","02-Jan-2026","267.35","267.35","272.40","266.15","269.00","269.00","269.83","82,86,204","2,23,58,66,518.30","59,920","44,11,840","53.24"
"WIPRO","EQ","01-Jan-2026","263.28","264.50","268.05","263.75","267.30","267.35","266.73","36,39,755","97,08,25,253.15","37,501","11,48,153","31.54"
"WIPRO","EQ","31-Dec-2025","263.65","264.00","264.60","261.26","264.00","263.28","262.64","57,05,044","1,49,83,46,180.48","51,645","30,81,869","54.02"
"WIPRO","EQ","30-Dec-2025","264.24","264.00","264.72","263.02","264.31","263.65","263.83","51,17,699","1,35,02,21,200.72","75,947","31,14,084","60.85"
"WIPRO","EQ","29-Dec-2025","266.30","265.99","267.39","263.60","264.25","264.24","265.56","37,55,074","99,72,14,908.57","52,279","17,98,142","47.89"
"WIPRO","EQ","26-Dec-2025","268.06","267.20","268.88","265.74","266.25","266.30","267.13","28,99,112","77,44,29,567.77","52,478","12,37,350","42.68"
"WIPRO","EQ","24-Dec-2025","271.40","270.94","270.98","267.20","268.14","268.06","268.42","46,94,861","1,26,02,16,493.01","62,692","20,82,964","44.37"
"WIPRO","EQ","23-Dec-2025","272.67","272.00","272.48","270.21","271.30","271.40","271.28","75,72,420","2,05,42,46,039.73","75,683","37,02,148","48.89"
"WIPRO","EQ","22-Dec-2025","264.45","267.51","273.10","266.80","272.65","272.67","271.28","1,46,51,313","3,97,45,61,865.55","1,42,390","63,06,729","43.05"
"WIPRO","EQ","19-Dec-2025","263.85","267.00","267.00","263.30","264.17","264.45","264.63","1,27,50,745","3,37,42,04,540.74","65,906","78,88,142","61.86"
"WIPRO","EQ","18-Dec-2025","261.14","261.18","264.99","261.00","264.09","263.85","263.42","90,08,412","2,37,30,12,170.68","81,183","38,28,431","42.50"
"WIPRO","EQ","17-Dec-2025","259.22","259.00","262.13","258.31","261.20","261.14","260.93","49,23,276","1,28,46,06,197.55","58,007","28,16,621","57.21"
"WIPRO","EQ","16-Dec-2025","261.74","261.74","261.75","258.80","259.30","259.22","259.93","29,82,041","77,51,20,420.90","52,058","15,35,105","51.48"
"WIPRO","EQ","15-Dec-2025","260.60","259.99","262.50","258.54","262.50","261.74","260.73","40,23,911","1,04,91,46,180.83","65,233","16,44,809","40.88"
"WIPRO","EQ","12-Dec-2025","259.25","259.50","260.82","257.36","260.50","260.60","259.59","40,08,271","1,04,04,91,549.05","59,594","19,29,843","48.15"
"WIPRO","EQ","11-Dec-2025","257.98","258.31","259.98","257.72","259.20","259.25","259.05","64,73,376","1,67,68,96,986.46","64,064","38,56,771","59.58"
"WIPRO","EQ","10-Dec-2025","257.41","258.01","260.37","257.25","257.72","257.98","258.58","79,44,200","2,05,41,79,577.78","74,001","50,05,753","63.01"
"WIPRO","EQ","09-Dec-2025","261.38","261.38","261.82","257.05","257.39","257.41","258.06","85,60,580","2,20,91,11,934.59","75,288","47,21,033","55.15"
"WIPRO","EQ","08-Dec-2025","259.91","260.01","263.07","259.71","260.83","261.38","261.37","96,84,253","2,53,12,13,128.29","97,906","38,47,429","39.73"
"WIPRO","EQ","05-Dec-2025","256.93","258.20","261.10","257.70","259.50","259.91","259.65","78,86,562","2,04,77,43,223.08","88,688","34,41,443","43.64"
"WIPRO","EQ","04-Dec-2025","254.69","256.00","258.80","255.50","257.30","256.93","257.22","1,06,87,381","2,74,89,56,309.12","89,639","47,94,097","44.86"
"WIPRO","EQ","03-Dec-2025","250.17","250.60","257.13","250.55","254.20","254.69","255.04","1,72,15,454","4,39,06,17,606.72","1,39,700","61,61,617","35.79"
"WIPRO","EQ","02-Dec-2025","250.28","250.00","251.45","248.87","250.74","250.17","249.96","85,35,708","2,13,35,74,295.54","86,860","58,07,027","68.03"
"WIPRO","EQ","01-Dec-2025","249.53","250.10","250.75","248.86","250.10","250.28","250.08","38,65,446","96,66,75,907.80","71,087","21,11,894","54.64"
"WIPRO","EQ","28-Nov-2025","249.56","251.00","251.99","248.60","249.55","249.53","249.95","70,49,965","1,76,21,30,446.42","67,376","36,06,213","51.15"
"WIPRO","EQ","27-Nov-2025","250.19","250.40","251.92","247.69","249.30","249.56","249.68","52,68,129","1,31,53,47,070.09","74,342","22,36,250","42.45"
"WIPRO","EQ","26-Nov-2025","245.64","246.00","250.55","245.62","250.08","250.19","248.94","82,02,096","2,04,18,47,444.65","86,257","48,00,038","58.52"
"WIPRO","EQ","25-Nov-2025","247.27","248.00","248.00","244.00","245.59","245.64","245.87","81,88,793","2,01,33,84,060.15","97,736","43,23,937","52.80"
"WIPRO","EQ","24-Nov-2025","244.49","245.02","249.38","245.02","247.44","247.27","247.61","1,97,11,070","4,88,05,81,939.51","1,04,905","1,21,80,030","61.79"
"WIPRO","EQ","21-Nov-2025","246.26","245.00","247.25","243.61","244.61","244.49","245.32","55,16,450","1,35,33,10,053.42","64,254","27,19,052","49.29"
"WIPRO","EQ","20-Nov-2025","246.07","247.50","247.80","245.71","246.38","246.26","246.32","67,05,862","1,65,18,19,850.22","62,389","39,60,657","59.06"
"WIPRO","EQ","19-Nov-2025","240.90","241.20","246.85","240.54","246.06","246.07","245.17","1,32,98,452","3,26,03,72,916.40","98,584","66,85,771","50.27"
"WIPRO","EQ","18-Nov-2025","244.05","242.93","244.00","240.30","241.00","240.90","241.73","47,30,012","1,14,33,97,179.02","51,881","25,28,644","53.46"
"WIPRO","EQ","17-Nov-2025","244.37","243.97","244.78","242.69","243.70","244.05","243.79","65,59,062","1,59,90,49,669.94","59,521","38,85,862","59.24"
"WIPRO","EQ","14-Nov-2025","245.33","243.92","245.90","242.15","245.15","244.37","243.59","68,41,554","1,66,65,47,926.16","91,626","39,05,933","57.09"
"WIPRO","EQ","13-Nov-2025","245.22","246.00","246.00","244.00","245.34","245.33","245.37","62,11,124","1,52,40,38,259.42","93,441","35,19,811","56.67"
"WIPRO","EQ","12-Nov-2025","241.69","242.75","246.30","242.10","245.39","245.22","245.02","1,31,52,546","3,22,26,11,354.43","1,03,627","82,28,990","62.57"
"WIPRO","EQ","11-Nov-2025","239.84","241.10","242.05","238.81","241.75","241.69","240.70","88,31,094","2,12,56,06,772.87","88,771","54,25,322","61.43"
"WIPRO","EQ","10-Nov-2025","236.49","237.44","241.55","237.02","239.85","239.84","239.84","85,66,758","2,05,46,39,352.92","82,903","44,25,382","51.66"
"WIPRO","EQ","07-Nov-2025","240.05","238.70","239.25","236.00","236.75","236.49","236.77","55,20,619","1,30,71,13,433.92","87,628","28,56,500","51.74"
"WIPRO","EQ","06-Nov-2025","237.92","240.00","240.62","238.37","240.05","240.05","239.71","71,41,517","1,71,19,00,641.07","77,981","41,57,593","58.22"
"WIPRO","EQ","04-Nov-2025","240.50","240.50","240.84","237.52","238.30","237.92","238.37","68,48,284","1,63,24,31,578.79","1,03,001","38,97,852","56.92"
"WIPRO","EQ","03-Nov-2025","240.67","240.67","241.29","239.50","240.72","240.50","240.43","49,02,693","1,17,87,32,162.89","75,660","28,51,620","58.16"
"WIPRO","EQ","31-Oct-2025","241.92","242.11","243.19","240.50","240.90","240.67","241.46","56,59,566","1,36,65,65,519.77","67,133","32,33,740","57.14"
"WIPRO","EQ","30-Oct-2025","242.28","242.89","244.77","240.50","242.00","241.92","241.98","83,44,622","2,01,92,62,795.90","79,344","38,15,534","45.72"
"WIPRO","EQ","29-Oct-2025","242.38","243.60","243.60","241.64","242.65","242.28","242.40","87,76,917","2,12,74,95,399.61","67,295","52,94,418","60.32"
"WIPRO","EQ","28-Oct-2025","243.91","243.66","244.70","241.40","242.70","242.38","242.41","87,80,789","2,12,85,91,885.05","89,491","52,72,978","60.05"
"WIPRO","EQ","27-Oct-2025","242.98","243.29","245.73","243.06","243.90","243.91","244.35","95,50,336","2,33,36,43,949.45","65,767","58,96,667","61.74"
"WIPRO","EQ","24-Oct-2025","244.30","245.00","245.88","242.16","243.25","242.98","243.83","68,03,979","1,65,89,80,694.62","62,407","38,93,566","57.22"
"WIPRO","EQ","23-Oct-2025","241.36","244.80","247.80","243.37","244.30","244.30","245.57","1,89,64,626","4,65,72,03,346.26","1,24,858","1,02,98,038","54.30"
"WIPRO","EQ","21-Oct-2025","241.24","241.00","242.16","240.36","241.19","241.36","241.57","20,82,336","50,30,33,334.47","27,617","9,33,907","44.90"
"WIPRO","EQ","20-Oct-2025","240.90","240.90","241.94","239.27","241.43","241.24","240.96","98,71,824","2,37,86,86,984.20","98,492","42,60,925","43.16"
"WIPRO","EQ","17-Oct-2025","253.81","250.00","250.00","239.11","240.68","240.90","241.63","4,38,02,251","10,58,40,19,817.01","2,85,578","2,19,79,319","50.18"
"WIPRO","EQ","16-Oct-2025","250.21","250.40","254.07","248.80","253.70","253.81","252.33","1,06,61,302","2,69,01,92,358.98","96,120","54,15,643","50.80"
"WIPRO","EQ","15-Oct-2025","248.42","250.00","252.13","248.54","250.40","250.21","250.19","1,32,78,925","3,32,23,14,810.09","75,741","67,92,880","51.16"
"WIPRO","EQ","14-Oct-2025","245.13","245.80","250.15","245.11","247.80","248.42","248.16","78,88,607","1,95,76,18,716.66","75,705","26,63,376","33.76"
"WIPRO","EQ","13-Oct-2025","248.70","246.06","247.70","244.51","245.15","245.13","245.49","67,17,589","1,64,91,14,845.35","72,184","30,36,379","45.20"
"WIPRO","EQ","10-Oct-2025","246.40","248.00","251.25","246.25","248.98","248.70","249.13","70,70,200","1,76,13,66,742.82","83,077","28,64,560","40.52"
"WIPRO","EQ","09-Oct-2025","244.27","243.99","246.80","243.16","246.40","246.40","245.76","46,29,760","1,13,78,11,319.81","58,945","20,41,786","44.10"
"WIPRO","EQ","08-Oct-2025","243.53","243.25","246.35","242.57","244.00","244.27","244.60","73,60,563","1,80,04,04,872.52","81,653","29,94,882","40.69"
"WIPRO","EQ","07-Oct-2025","242.13","242.90","245.00","242.14","243.75","243.53","243.37","65,87,728","1,60,32,58,453.63","66,541","32,94,932","50.02"
"WIPRO","EQ","06-Oct-2025","240.98","240.00","242.96","239.32","242.13","242.13","241.51","60,64,946","1,46,47,43,403.78","95,492","26,01,366","42.89"
"WIPRO","EQ","03-Oct-2025","241.07","240.98","241.40","238.06","241.20","240.98","239.97","1,09,68,346","2,63,20,80,564.36","91,040","64,19,185","58.52"
"WIPRO","EQ","01-Oct-2025","239.37","240.00","243.57","237.84","241.80","241.07","240.59","94,79,378","2,28,06,68,174.63","1,03,764","52,16,469","55.03"
"WIPRO","EQ","30-Sep-2025","239.64","239.93","241.50","239.00","239.04","239.37","239.99","55,90,909","1,34,17,63,338.22","76,129","29,82,135","53.34"
"WIPRO","EQ","29-Sep-2025","235.75","236.88","240.79","236.29","239.40","239.64","239.24","88,94,412","2,12,78,78,611.41","1,13,119","52,07,361","58.55"
"WIPRO","EQ","26-Sep-2025","242.00","241.45","241.55","235.01","236.50","235.75","236.91","1,69,99,628","4,02,73,67,757.23","1,86,077","1,13,43,723","66.73"
"WIPRO","EQ","25-Sep-2025","244.59","245.45","245.64","241.28","242.25","242.00","242.95","79,57,740","1,93,33,22,678.20","1,14,006","51,14,663","64.27"
"WIPRO","EQ","24-Sep-2025","249.63","248.33","249.12","244.25","244.88","244.59","245.55","78,88,797","1,93,71,12,798.80","1,19,211","40,71,468","51.61"
"WIPRO","EQ","23-Sep-2025","250.33","250.22","252.00","248.75","249.40","249.63","250.18","86,74,114","2,17,00,99,987.03","78,897","45,99,716","53.03"
"WIPRO","EQ","22-Sep-2025","255.88","248.55","251.78","247.21","250.49","250.33","250.17","1,57,84,007","3,94,87,11,872.62","1,83,999","84,68,312","53.65"
"WIPRO","EQ","19-Sep-2025","256.93","257.00","257.66","254.70","256.29","255.88","255.83","1,07,41,757","2,74,80,59,161.68","70,932","77,63,458","72.27"
"WIPRO","EQ","18-Sep-2025","254.15","257.00","259.80","256.00","257.10","256.93","257.69","1,04,98,239","2,70,53,37,772.30","91,505","41,09,345","39.14"
"WIPRO","EQ","17-Sep-2025","254.01","253.30","255.50","252.85","254.17","254.15","254.46","73,39,871","1,86,76,90,948.68","1,06,539","43,74,948","59.61"
"WIPRO","EQ","16-Sep-2025","251.28","252.00","254.50","250.20","254.50","254.01","252.49","73,16,998","1,84,74,82,576.25","78,519","46,41,420","63.43"
"WIPRO","EQ","15-Sep-2025","251.94","251.50","251.79","249.60","251.34","251.28","250.85","37,00,703","92,83,15,668.16","54,844","18,44,641","49.85"
"WIPRO","EQ","12-Sep-2025","253.91","254.88","255.90","250.82","252.00","251.94","252.20","53,45,794","1,34,82,32,401.02","57,268","24,50,546","45.84"
"WIPRO","EQ","11-Sep-2025","255.75","255.70","255.70","252.17","254.06","253.91","253.47","58,65,301","1,48,66,90,713.02","62,615","26,72,573","45.57"
"WIPRO","EQ","10-Sep-2025","249.15","249.30","257.17","249.25","255.71","255.75","255.41","1,52,61,331","3,89,78,28,179.69","1,23,766","70,41,437","46.14"
"WIPRO","EQ","09-Sep-2025","242.52","245.00","249.85","245.00","249.34","249.15","248.71","1,28,36,972","3,19,26,92,015.32","1,06,736","41,03,086","31.96"
"WIPRO","EQ","08-Sep-2025","243.67","244.36","246.99","242.20","242.88","242.52","243.72","65,96,932","1,60,77,87,575.48","86,320","32,94,137","49.93"
"WIPRO","EQ","05-Sep-2025","244.97","246.10","247.32","241.27","244.36","243.67","244.12","62,33,782","1,52,18,02,138.95","1,07,082","21,90,028","35.13"
"WIPRO","EQ","04-Sep-2025","249.56","249.50","250.34","244.44","245.45","244.97","246.75","50,21,036","1,23,89,57,213.01","77,917","26,07,695","51.94"
"WIPRO","EQ","03-Sep-2025","250.93","251.90","252.40","249.12","249.54","249.56","250.06","38,62,765","96,59,33,614.86","49,289","17,49,286","45.29"
"WIPRO","EQ","02-Sep-2025","250.36","250.36","253.15","249.60","250.85","250.93","251.41","50,46,939","1,26,88,58,199.49","64,292","18,09,525","35.85"
"WIPRO","EQ","01-Sep-2025","249.41","249.42","252.99","249.40","250.50","250.36","251.05","31,98,345","80,29,50,488.67","54,664","11,68,052","36.52"
"WIPRO","EQ","29-Aug-2025","250.65","250.50","253.10","248.66","249.30","249.41","250.62","1,01,17,017","2,53,55,15,505.88","77,009","51,46,954","50.87"
"WIPRO","EQ","28-Aug-2025","252.03","252.02","252.35","249.08","249.98","250.65","250.77","58,51,451","1,46,73,39,477.79","68,338","27,20,785","46.50"
"WIPRO","EQ","26-Aug-2025","253.84","253.00","254.82","251.31","251.75","252.03","252.45","1,57,97,327","3,98,79,76,984.45","70,418","1,13,86,513","72.08"
"WIPRO","EQ","25-Aug-2025","248.64","250.60","257.29","250.60","254.40","253.84","255.04","1,63,91,069","4,18,03,62,254.93","1,26,819","46,91,770","28.62"
"WIPRO","EQ","22-Aug-2025","249.91","252.00","253.00","247.61","248.74","248.64","249.26","1,35,72,686","3,38,31,56,214.43","77,178","62,90,213","46.34"
"WIPRO","EQ","21-Aug-2025","250.84","252.74","252.74","249.61","250.40","249.91","250.50","76,07,486","1,90,56,61,363.72","63,179","46,85,441","61.59"
"WIPRO","EQ","20-Aug-2025","246.96","245.30","252.89","245.30","251.00","250.84","250.24","1,00,99,384","2,52,73,02,189.28","1,11,418","39,71,262","39.32"
"WIPRO","EQ","19-Aug-2025","245.21","245.46","247.50","244.78","247.15","246.96","246.52","40,90,961","1,00,85,19,025.88","64,648","17,05,414","41.69"
"WIPRO","EQ","18-Aug-2025","246.81","248.64","249.01","244.76","245.60","245.21","246.60","57,89,317","1,42,76,65,639.05","72,478","28,10,030","48.54"
"WIPRO","EQ","14-Aug-2025","241.65","243.10","248.43","242.41","246.50","246.81","246.60","1,28,57,225","3,17,06,51,061.33","1,11,213","55,80,221","43.40"
"WIPRO","EQ","13-Aug-2025","241.72","242.89","242.89","240.12","241.55","241.65","241.43","58,20,844","1,40,53,06,715.58","71,750","31,16,721","53.54"
"WIPRO","EQ","12-Aug-2025","241.62","242.70","246.29","241.10","241.30","241.72","243.34","81,01,435","1,97,14,12,574.24","96,929","35,57,657","43.91"
"WIPRO","EQ","11-Aug-2025","239.05","239.05","244.75","238.62","241.50","241.62","240.78","30,47,287","73,37,14,556.24","63,216","13,29,218","43.62"
"WIPRO","EQ","08-Aug-2025","242.32","242.40","243.25","238.40","239.33","239.05","239.78","89,22,847","2,13,95,36,503.10","79,296","56,76,702","63.62"
"WIPRO","EQ","07-Aug-2025","239.96","239.11","243.18","238.61","242.80","242.32","240.43","61,90,830","1,48,84,64,799.61","85,305","30,65,470","49.52"
"WIPRO","EQ","06-Aug-2025","245.91","246.00","246.00","239.31","239.75","239.96","241.24","77,00,190","1,85,76,10,804.95","1,03,533","40,92,386","53.15"
"WIPRO","EQ","05-Aug-2025","246.05","246.05","246.95","244.53","245.45","245.91","245.58","73,83,968","1,81,33,47,924.19","64,537","47,40,893","64.21"
"WIPRO","EQ","04-Aug-2025","242.75","242.75","246.42","241.10","245.80","246.05","244.34","52,34,393","1,27,89,90,164.41","64,857","24,10,563","46.05"
"WIPRO","EQ","01-Aug-2025","248.30","246.50","246.90","242.20","242.38","242.75","243.72","74,36,999","1,81,25,70,815.54","99,441","39,65,254","53.32"
"WIPRO","EQ","31-Jul-2025","250.20","248.10","250.15","246.05","248.25","248.30","248.09","73,38,764","1,82,06,87,604.85","84,657","39,12,201","53.31"
"WIPRO","EQ","30-Jul-2025","251.80","251.45","252.50","249.20","250.25","250.20","250.60","60,57,152","1,51,79,02,405.05","63,965","35,31,122","58.30"
"WIPRO","EQ","29-Jul-2025","250.05","249.20","252.70","247.25","251.35","251.80","250.27","1,29,23,128","3,23,42,79,921.75","87,366","81,83,551","63.32"
"WIPRO","EQ","28-Jul-2025","259.20","254.00","254.00","249.00","250.20","250.05","250.97","89,98,911","2,25,84,76,673.45","1,22,372","44,13,918","49.05"
"WIPRO","EQ","25-Jul-2025","261.85","261.80","262.05","256.05","259.70","259.20","258.44","84,27,780","2,17,80,70,395.00","96,017","39,94,874","47.40"
"WIPRO","EQ","24-Jul-2025","261.40","262.00","263.40","260.25","262.20","261.85","261.68","81,39,900","2,13,00,63,848.60","70,205","45,58,025","56.00"
"WIPRO","EQ","23-Jul-2025","259.70","260.25","261.75","258.15","261.00","261.40","260.27","65,10,321","1,69,44,12,083.50","56,622","33,47,600","51.42"
"WIPRO","EQ","22-Jul-2025","260.35","261.70","262.15","258.75","260.10","259.70","260.00","67,24,044","1,74,82,65,688.45","68,578","32,31,422","48.06"
"WIPRO","EQ","21-Jul-2025","266.95","266.95","267.15","259.20","260.90","260.35","261.05","1,21,90,000","3,18,22,55,780.25","1,05,649","45,12,470","37.02"
"WIPRO","EQ","18-Jul-2025","260.60","268.60","271.90","265.60","266.35","266.95","267.74","3,03,19,126","8,11,76,10,424.40","2,06,966","67,32,252","22.20"
"WIPRO","EQ","17-Jul-2025","262.80","263.85","264.35","258.00","258.75","260.60","261.28","74,84,171","1,95,54,84,450.30","76,199","31,52,798","42.13"
"WIPRO","EQ","16-Jul-2025","257.40","257.40","264.00","256.05","263.00","262.80","261.25","1,21,79,338","3,18,17,97,760.85","84,066","57,21,421","46.98"
"WIPRO","EQ","15-Jul-2025","254.25","254.00","259.85","252.80","257.50","257.40","257.01","87,50,149","2,24,88,68,865.75","83,644","32,56,340","37.21"
"WIPRO","EQ","14-Jul-2025","258.30","258.30","259.55","251.65","254.25","254.25","254.15","1,03,88,421","2,64,01,78,539.20","1,11,556","48,10,508","46.31"
"WIPRO","EQ","11-Jul-2025","265.05","261.00","262.05","257.75","258.10","258.30","259.37","1,31,09,857","3,40,02,59,927.85","1,06,302","71,52,275","54.56"
"WIPRO","EQ","10-Jul-2025","267.80","267.55","267.55","263.15","265.10","265.05","264.86","69,11,031","1,83,04,67,250.70","70,245","30,68,674","44.40"
"WIPRO","EQ","09-Jul-2025","269.65","268.00","269.40","264.85","267.30","267.80","267.25","1,15,64,433","3,09,05,68,860.55","82,512","54,56,964","47.19"
"WIPRO","EQ","08-Jul-2025","267.75","267.80","270.30","267.35","269.75","269.65","268.99","55,19,016","1,48,45,83,044.85","61,212","30,77,377","55.76"
"WIPRO","EQ","07-Jul-2025","270.05","270.05","270.55","267.30","267.80","267.75","268.32","48,49,218","1,30,11,63,547.30","45,796","25,45,428","52.49"
"WIPRO","EQ","04-Jul-2025","267.05","268.30","271.40","267.50","269.45","270.05","269.17","71,41,779","1,92,23,38,827.95","56,595","38,46,169","53.85"
"WIPRO","EQ","03-Jul-2025","267.00","268.40","270.85","266.45","267.20","267.05","268.73","93,57,962","2,51,47,94,538.95","1,16,740","39,13,365","41.82"
"WIPRO","EQ","02-Jul-2025","264.55","265.00","268.70","264.45","267.15","267.00","266.51","87,50,887","2,33,21,72,707.70","77,570","42,59,082","48.67"
"WIPRO","EQ","01-Jul-2025","265.98","265.50","268.35","263.70","264.30","264.55","265.29","38,86,095","1,03,09,30,023.20","58,198","18,32,842","47.16"
"WIPRO","EQ","30-Jun-2025","265.05","266.10","266.74","262.90","266.49","265.98","265.01","71,19,563","1,88,67,69,982.54","1,01,877","40,64,621","57.09"
"WIPRO","EQ","27-Jun-2025","268.52","269.00","270.00","264.50","265.40","265.05","266.20","89,06,108","2,37,08,37,711.75","1,12,283","48,24,437","54.17"
"WIPRO","EQ","26-Jun-2025","269.41","269.10","271.30","267.19","268.00","268.52","269.25","85,64,099","2,30,59,00,608.86","87,330","45,21,047","52.79"
"WIPRO","EQ","25-Jun-2025","264.97","265.90","269.96","265.85","269.15","269.41","268.53","53,31,739","1,43,17,49,951.51","72,178","22,30,064","41.83"
"WIPRO","EQ","24-Jun-2025","263.24","265.50","268.65","264.71","264.89","264.97","266.88","63,19,428","1,68,65,24,335.02","70,987","27,30,260","43.20"
"WIPRO","EQ","23-Jun-2025","266.54","264.00","265.20","261.81","263.50","263.24","263.33","62,14,062","1,63,63,44,546.53","64,958","27,47,465","44.21"
"WIPRO","EQ","20-Jun-2025","265.58","266.00","267.20","262.87","265.80","266.54","266.19","1,29,04,674","3,43,50,39,178.43","76,477","79,86,940","61.89"
"WIPRO","EQ","19-Jun-2025","261.59","262.85","266.44","261.81","265.00","265.58","264.52","1,41,84,486","3,75,20,28,124.02","1,45,765","58,42,804","41.19"
"WIPRO","EQ","18-Jun-2025","262.91","262.90","265.60","261.03","261.85","261.59","262.72","50,16,660","1,31,79,58,981.95","56,803","18,21,102","36.30"
"WIPRO","EQ","17-Jun-2025","262.89","262.89","265.45","261.66","262.90","262.91","263.73","75,28,454","1,98,54,74,100.73","89,577","36,15,572","48.03"
"WIPRO","EQ","16-Jun-2025","260.21","260.00","265.31","258.00","262.80","262.89","261.48","1,09,35,361","2,85,93,76,884.66","91,234","52,57,437","48.08"
"WIPRO","EQ","13-Jun-2025","259.61","255.00","262.25","254.00","260.59","260.21","259.70","86,92,116","2,25,73,44,323.93","95,629","33,52,930","38.57"
"WIPRO","EQ","12-Jun-2025","258.92","260.00","263.00","256.32","259.06","259.61","260.27","1,45,28,657","3,78,13,38,196.18","1,25,900","53,52,900","36.84"
"WIPRO","EQ","11-Jun-2025","254.87","256.02","261.60","254.10","259.00","258.92","258.25","1,72,68,454","4,45,96,38,735.79","1,25,033","87,07,749","50.43"
"WIPRO","EQ","10-Jun-2025","251.29","252.90","255.80","251.83","254.69","254.87","254.42","1,07,39,851","2,73,24,74,723.84","1,19,143","50,51,230","47.03"
"WIPRO","EQ","09-Jun-2025","248.59","249.60","253.40","249.22","251.72","251.29","250.95","91,93,904","2,30,71,85,889.04","1,01,064","51,89,463","56.44"
"WIPRO","EQ","06-Jun-2025","247.94","247.10","249.98","247.10","248.50","248.59","248.50","44,45,411","1,10,46,78,645.34","65,205","20,42,847","45.95"
"WIPRO","EQ","05-Jun-2025","246.86","246.90","249.49","246.88","248.20","247.94","247.93","64,68,060","1,60,36,34,635.44","68,321","31,33,870","48.45"
"WIPRO","EQ","04-Jun-2025","246.22","246.51","249.81","246.51","247.05","246.86","247.41","66,98,150","1,65,72,03,859.15","94,039","37,46,001","55.93"
"WIPRO","EQ","03-Jun-2025","247.68","248.00","249.50","245.73","246.47","246.22","246.59","85,73,438","2,11,41,03,012.25","1,32,360","53,17,167","62.02"
"WIPRO","EQ","02-Jun-2025","249.67","247.60","248.42","246.20","247.58","247.68","247.48","58,46,259","1,44,68,51,228.58","90,742","32,11,828","54.94"
"WIPRO","EQ","30-May-2025","250.14","250.00","251.11","248.52","249.60","249.67","249.74","1,38,58,429","3,46,09,47,506.02","79,659","91,92,132","66.33"
"WIPRO","EQ","29-May-2025","247.43","249.65","251.74","248.10","250.52","250.14","249.97","1,17,85,042","2,94,59,32,209.83","1,13,827","64,71,815","54.92"
"WIPRO","EQ","28-May-2025","248.25","249.59","250.14","246.96","247.50","247.43","247.90","62,05,160","1,53,82,80,827.26","57,452","32,41,938","52.25"
"WIPRO","EQ","27-May-2025","250.24","250.99","250.99","247.99","248.35","248.25","248.75","68,61,143","1,70,66,97,927.30","69,257","34,82,678","50.76"
"WIPRO","EQ","26-May-2025","247.36","248.49","250.85","248.20","250.25","250.24","249.71","36,90,751","92,16,05,957.89","47,579","14,30,114","38.75"
"WIPRO","EQ","23-May-2025","245.94","246.10","250.49","245.60","247.80","247.36","248.47","74,37,642","1,84,80,63,525.68","62,388","23,80,236","32.00"
"WIPRO","EQ","22-May-2025","250.92","249.00","249.89","245.00","246.05","245.94","246.57","1,14,69,037","2,82,79,46,396.28","1,34,939","59,57,660","51.95"
"WIPRO","EQ","21-May-2025","249.71","249.71","252.11","248.10","250.78","250.92","250.77","53,13,593","1,33,25,05,542.00","84,857","19,47,702","36.66"
"WIPRO","EQ","20-May-2025","251.75","253.00","254.60","249.31","250.20","249.71","251.24","93,66,429","2,35,32,17,770.36","74,602","51,35,845","54.83"
"WIPRO","EQ","19-May-2025","254.31","254.31","254.74","251.28","251.55","251.75","252.64","67,88,784","1,71,51,00,637.07","84,813","34,20,934","50.39"
"WIPRO","EQ","16-May-2025","256.57","257.00","257.00","253.53","254.45","254.31","254.65","66,40,387","1,69,10,07,320.80","66,512","33,76,786","50.85"
"WIPRO","EQ","15-May-2025","252.94","253.20","257.10","250.62","256.10","256.57","254.19","1,20,83,645","3,07,15,69,687.64","1,17,124","40,58,917","33.59"
"WIPRO","EQ","14-May-2025","251.57","251.57","253.69","250.75","253.20","252.94","252.34","88,39,105","2,23,05,00,015.74","88,004","43,57,986","49.30"
"WIPRO","EQ","13-May-2025","257.28","256.95","256.95","250.62","251.80","251.57","252.86","1,17,14,159","2,96,20,85,356.65","1,00,429","57,72,884","49.28"
"WIPRO","EQ","12-May-2025","242.01","245.09","257.94","244.88","256.50","257.28","252.78","1,97,91,711","5,00,29,86,476.09","1,36,844","78,87,504","39.85"
"WIPRO","EQ","09-May-2025","241.57","236.60","242.95","236.50","241.71","242.01","240.70","1,05,82,438","2,54,72,26,086.27","97,358","48,73,779","46.06"
"WIPRO","EQ","08-May-2025","244.04","243.11","245.83","239.31","240.50","241.57","242.35","1,14,34,833","2,77,11,77,904.14","1,08,236","64,27,481","56.21"
"WIPRO","EQ","07-May-2025","241.19","236.01","244.45","236.01","244.00","244.04","242.30","91,30,056","2,21,22,55,938.67","88,615","44,59,062","48.84"
"WIPRO","EQ","06-May-2025","243.57","244.50","245.90","240.61","240.70","241.19","243.01","88,69,045","2,15,52,33,525.77","70,760","43,52,886","49.08"
"WIPRO","EQ","05-May-2025","242.87","244.00","246.87","242.70","243.20","243.57","244.40","1,21,70,446","2,97,44,10,722.35","1,11,265","56,08,927","46.09"
"WIPRO","EQ","02-May-2025","241.50","242.04","245.80","240.75","242.50","242.87","243.16","1,44,11,726","3,50,42,83,638.81","1,04,403","67,29,049","46.69"
"WIPRO","EQ","30-Apr-2025","241.40","241.55","243.40","239.20","240.80","241.50","241.15","1,42,06,640","3,42,59,52,066.70","93,233","86,63,980","60.99"
"WIPRO","EQ","29-Apr-2025","240.50","241.60","243.60","239.85","241.75","241.40","241.71","1,66,47,246","4,02,38,26,273.60","1,07,681","95,54,861","57.40"
"WIPRO","EQ","28-Apr-2025","240.90","240.50","241.95","238.75","240.70","240.50","240.47","1,42,18,414","3,41,90,38,037.85","85,423","81,73,430","57.48"
"WIPRO","EQ","25-Apr-2025","242.75","243.95","246.15","238.05","240.50","240.90","241.42","1,66,20,430","4,01,24,63,415.35","1,11,293","64,04,006","38.53"
"WIPRO","EQ","24-Apr-2025","243.60","244.80","245.15","241.50","242.70","242.75","243.06","2,30,00,820","5,59,05,35,982.10","1,28,941","1,20,93,249","52.58"
"WIPRO","EQ","23-Apr-2025","234.15","237.20","245.35","236.10","243.20","243.60","241.27","3,18,98,042","7,69,60,95,615.45","1,93,934","1,48,67,306","46.61"
"WIPRO","EQ","22-Apr-2025","238.45","238.45","239.00","233.50","234.00","234.15","235.75","1,83,67,713","4,33,02,16,049.65","1,40,022","1,04,33,224","56.80"
"WIPRO","EQ","21-Apr-2025","236.90","237.40","240.80","237.40","238.30","238.45","239.13","1,62,98,364","3,89,74,01,354.90","1,30,844","58,80,110","36.08"
"WIPRO","EQ","17-Apr-2025","247.65","235.00","237.80","232.15","237.40","236.90","235.00","5,48,75,421","12,89,59,82,492.15","3,83,213","1,72,60,178","31.45"
"WIPRO","EQ","16-Apr-2025","244.00","244.00","248.45","241.20","247.60","247.65","245.26","1,62,03,319","3,97,40,09,697.25","1,30,894","79,95,046","49.34"
"WIPRO","EQ","15-Apr-2025","239.75","245.05","245.05","241.35","244.40","244.00","243.17","1,06,94,621","2,60,05,99,365.45","92,233","61,96,436","57.94"
"WIPRO","EQ","11-Apr-2025","236.65","245.00","245.00","238.35","240.40","239.75","240.83","1,12,05,821","2,69,86,46,786.80","1,12,385","49,65,566","44.31"
"WIPRO","EQ","09-Apr-2025","247.25","240.70","242.30","234.00","236.80","236.65","236.45","1,90,63,559","4,50,75,91,286.20","1,77,126","66,13,169","34.69"
"WIPRO","EQ","08-Apr-2025","242.90","244.75","249.50","243.85","247.20","247.25","246.66","1,38,06,651","3,40,55,76,991.35","97,863","65,48,993","47.43"
"WIPRO","EQ","07-Apr-2025","246.30","231.05","243.85","228.00","243.15","242.90","236.82","1,30,11,904","3,08,14,23,050.90","1,97,179","42,55,423","32.70"
"WIPRO","EQ","04-Apr-2025","256.35","253.00","253.95","244.85","246.95","246.30","247.56","1,46,39,785","3,62,41,85,665.55","1,31,920","77,25,358","52.77"
"WIPRO","EQ","03-Apr-2025","263.60","259.90","260.50","255.30","256.65","256.35","257.42","1,22,62,561","3,15,65,92,884.40","1,26,957","56,29,950","45.91"
"WIPRO","EQ","02-Apr-2025","262.60","262.80","265.55","261.10","263.50","263.60","263.37","71,36,992","1,87,96,84,079.80","65,188","35,66,910","49.98"
"WIPRO","EQ","01-Apr-2025","262.25","260.35","263.00","258.50","262.25","262.60","261.23","83,88,635","2,19,13,24,421.10","89,708","38,53,638","45.94"
"WIPRO","EQ","28-Mar-2025","272.20","271.00","271.85","261.60","262.50","262.25","264.88","1,42,83,389","3,78,33,99,202.10","1,24,803","61,66,255","43.17"
"WIPRO","EQ","27-Mar-2025","267.40","270.00","273.55","269.60","272.00","272.20","271.48","1,47,83,522","4,01,34,43,070.30","1,28,142","53,31,359","36.06"
"WIPRO","EQ","26-Mar-2025","271.00","272.00","272.25","266.75","267.20","267.40","268.87","73,08,412","1,96,50,09,474.90","89,521","42,69,188","58.41"
"WIPRO","EQ","25-Mar-2025","269.40","272.00","274.70","269.35","269.95","271.00","271.98","1,25,63,930","3,41,71,66,625.90","1,16,461","54,55,485","43.42"
"WIPRO","EQ","24-Mar-2025","264.30","267.05","271.65","265.40","269.00","269.40","268.68","92,69,617","2,49,05,70,375.90","87,706","38,42,029","41.45"
"WIPRO","EQ","21-Mar-2025","268.00","264.00","269.55","260.20","264.30","264.30","265.52","2,26,59,168","6,01,63,95,169.10","1,45,333","1,06,69,039","47.08"
"WIPRO","EQ","20-Mar-2025","265.70","269.20","273.95","267.50","267.70","268.00","269.98","1,70,38,774","4,60,01,18,073.60","1,44,401","69,30,110","40.67"
"WIPRO","EQ","19-Mar-2025","261.25","262.00","266.50","256.25","265.90","265.70","262.49","1,40,44,300","3,68,64,85,769.80","1,17,529","63,60,286","45.29"
"WIPRO","EQ","18-Mar-2025","259.85","261.75","263.05","259.40","261.50","261.25","260.79","1,14,50,247","2,98,61,51,593.00","1,17,088","63,51,311","55.47"
"WIPRO","EQ","17-Mar-2025","264.00","264.00","265.20","258.90","259.95","259.85","261.42","1,26,97,930","3,31,94,84,001.25","1,26,107","55,87,665","44.00"
"WIPRO","EQ","13-Mar-2025","268.55","268.55","271.10","263.35","264.20","264.00","265.88","86,83,943","2,30,88,87,106.60","1,11,642","34,86,428","40.15"
"WIPRO","EQ","12-Mar-2025","277.75","277.70","277.70","262.20","268.20","268.55","266.29","1,85,84,311","4,94,88,46,757.60","1,80,741","58,59,035","31.53"
"WIPRO","EQ","11-Mar-2025","280.90","277.00","279.30","273.20","278.70","277.75","275.82","86,02,609","2,37,27,41,878.50","1,00,269","34,92,750","40.60"
"WIPRO","EQ","10-Mar-2025","284.80","284.45","285.65","277.95","280.80","280.90","281.32","81,65,123","2,29,70,16,799.55","98,734","40,56,223","49.68"
"WIPRO","EQ","07-Mar-2025","285.90","287.40","287.70","282.90","284.40","284.80","285.26","80,97,300","2,30,98,72,112.20","81,562","44,04,665","54.40"
"WIPRO","EQ","06-Mar-2025","285.10","288.45","292.00","283.50","285.25","285.90","285.85","97,82,051","2,79,61,73,602.05","1,05,031","41,82,204","42.75"
"WIPRO","EQ","05-Mar-2025","280.00","281.40","286.95","278.65","284.60","285.10","284.49","1,02,85,712","2,92,61,54,712.60","1,08,693","55,29,782","53.76"
"WIPRO","EQ","04-Mar-2025","283.55","279.00","283.10","276.30","279.85","280.00","280.56","93,31,785","2,61,80,94,291.45","1,11,451","50,48,198","54.10"
"WIPRO","EQ","03-Mar-2025","277.65","279.45","286.35","279.30","283.30","283.55","283.56","1,14,71,554","3,25,28,21,497.10","1,35,618","36,85,577","32.13"
"WIPRO","EQ","28-Feb-2025","294.50","294.00","294.00","277.00","278.50","277.65","280.80","1,74,58,839","4,90,25,04,059.10","1,79,013","94,09,359","53.89"
"WIPRO","EQ","27-Feb-2025","291.30","294.00","295.80","291.35","292.35","294.50","293.73","1,55,55,649","4,56,90,95,728.10","1,57,896","90,99,573","58.50"
"WIPRO","EQ","25-Feb-2025","295.05","294.35","296.30","290.10","291.30","291.30","292.64","1,08,10,040","3,16,34,86,984.05","1,09,038","53,47,307","49.47"
"WIPRO","EQ","24-Feb-2025","306.35","302.95","303.30","293.35","295.00","295.05","296.26","1,26,00,963","3,73,31,83,076.80","1,43,817","57,90,132","45.95"
"WIPRO","EQ","21-Feb-2025","313.30","312.80","312.80","305.05","305.80","306.35","308.19","87,22,925","2,68,82,95,209.15","86,732","44,44,390","50.95"
"WIPRO","EQ","20-Feb-2025","314.10","311.20","314.30","310.25","313.10","313.30","312.82","76,97,134","2,40,78,04,466.35","71,909","48,79,339","63.39"
"WIPRO","EQ","19-Feb-2025","312.20","311.25","316.50","308.30","313.20","314.10","313.54","78,35,672","2,45,67,88,980.50","97,876","38,34,506","48.94"
"WIPRO","EQ","18-Feb-2025","305.35","305.35","312.75","305.35","311.50","312.20","309.21","1,03,68,789","3,20,61,29,056.60","1,18,208","39,60,943","38.20"
"WIPRO","EQ","17-Feb-2025","308.10","308.10","310.30","302.00","306.10","305.35","304.55","75,07,772","2,28,64,99,118.80","82,489","41,34,827","55.07"
"WIPRO","EQ","14-Feb-2025","308.55","310.05","312.40","304.55","308.15","308.10","307.44","73,71,341","2,26,62,39,687.30","77,927","35,84,514","48.63"
"WIPRO","EQ","13-Feb-2025","310.20","310.30","313.65","306.95","309.00","308.55","310.11","88,32,731","2,73,91,43,267.40","1,02,188","38,25,947","43.32"
"WIPRO","EQ","12-Feb-2025","313.00","313.45","315.75","309.35","310.05","310.20","311.56","96,68,342","3,01,22,22,171.10","1,25,445","45,70,699","47.27"
"WIPRO","EQ","11-Feb-2025","319.05","319.50","320.40","311.60","312.75","313.00","314.52","1,06,27,890","3,34,26,82,930.00","1,09,307","59,88,058","56.34"
"WIPRO","EQ","10-Feb-2025","318.00","318.80","321.00","315.85","319.00","319.05","318.97","1,23,04,840","3,92,48,77,162.60","1,08,216","79,47,545","64.59"
"WIPRO","EQ","07-Feb-2025","317.95","319.00","319.00","314.00","317.00","318.00","317.33","85,89,587","2,72,56,95,315.05","72,987","53,64,432","62.45"
"WIPRO","EQ","06-Feb-2025","317.10","320.00","323.60","314.55","317.30","317.95","318.05","1,50,62,390","4,79,05,91,282.00","1,08,568","66,94,893","44.45"
"WIPRO","EQ","05-Feb-2025","316.25","317.80","321.45","314.90","316.75","317.10","316.99","96,28,027","3,05,20,25,827.20","85,969","49,76,837","51.69"
"WIPRO","EQ","04-Feb-2025","313.60","318.00","318.85","313.35","316.15","316.25","315.89","1,53,66,864","4,85,42,02,226.25","1,23,243","96,43,293","62.75"
"WIPRO","EQ","03-Feb-2025","304.80","303.00","314.00","300.30","313.10","313.60","310.58","1,48,77,076","4,62,04,84,899.45","1,39,269","82,97,126","55.77"
"WIPRO","EQ","01-Feb-2025","311.90","312.55","313.25","303.35","305.55","304.80","307.30","60,46,117","1,85,79,55,201.90","67,619","18,80,171","31.10"
"WIPRO","EQ","31-Jan-2025","309.00","311.70","315.70","309.55","312.20","311.90","311.84","1,55,97,644","4,86,40,35,359.80","1,07,818","96,96,037","62.16"
"WIPRO","EQ","30-Jan-2025","312.45","311.00","313.70","305.95","309.50","309.00","309.73","99,84,186","3,09,24,15,893.70","1,01,415","34,13,179","34.19"
"WIPRO","EQ","29-Jan-2025","303.60","305.05","314.70","305.05","312.00","312.45","311.14","1,63,38,112","5,08,33,83,800.90","1,17,876","80,00,527","48.97"
"WIPRO","EQ","28-Jan-2025","307.95","304.00","307.60","301.55","304.95","303.60","304.14","1,20,77,491","3,67,32,18,598.40","1,02,233","46,43,767","38.45"
"WIPRO","EQ","27-Jan-2025","320.10","317.80","319.15","306.75","308.00","307.95","312.00","1,23,72,895","3,86,03,64,424.45","1,31,012","49,68,819","40.16"
"WIPRO","EQ","24-Jan-2025","317.70","319.00","322.50","316.60","319.95","320.10","319.91","1,74,79,586","5,59,19,40,063.10","1,62,614","81,86,989","46.84"
"WIPRO","EQ","23-Jan-2025","309.10","311.10","324.60","310.65","317.70","317.70","319.20","3,99,04,371","12,73,74,62,398.95","3,72,523","1,45,21,709","36.39"
"WIPRO","EQ","22-Jan-2025","298.35","299.35","310.00","299.35","309.90","309.10","306.19","3,08,59,317","9,44,87,83,185.70","2,61,178","1,00,36,697","32.52"
"WIPRO","EQ","21-Jan-2025","300.25","302.40","305.85","297.80","298.15","298.35","300.92","1,56,19,474","4,70,02,25,888.20","1,36,792","61,43,034","39.33"
"WIPRO","EQ","20-Jan-2025","281.95","302.00","305.40","296.95","300.50","300.25","301.18","3,93,80,165","11,86,03,40,505.50","2,91,765","1,42,24,370","36.12"
"WIPRO","EQ","17-Jan-2025","288.05","287.80","287.80","280.50","281.70","281.95","283.15","93,58,955","2,65,00,06,805.45","1,22,143","34,07,322","36.41"
"WIPRO","EQ","16-Jan-2025","292.65","295.90","296.50","286.70","288.85","288.05","289.09","1,03,45,666","2,99,08,29,442.60","1,45,955","46,25,066","44.71"
"WIPRO","EQ","15-Jan-2025","292.85","293.00","294.70","289.70","292.60","292.65","292.07","46,62,694","1,36,18,15,377.05","77,903","17,31,098","37.13"
"WIPRO","EQ","14-Jan-2025","291.85","291.80","294.55","286.55","292.90","292.85","291.88","76,70,070","2,23,87,39,925.35","94,571","24,96,025","32.54"
"WIPRO","EQ","13-Jan-2025","300.55","298.95","299.25","290.25","292.55","291.85","293.47","95,41,248","2,80,00,66,624.10","1,11,331","44,18,991","46.31"
"WIPRO","EQ","10-Jan-2025","292.30","294.30","303.25","294.30","299.65","300.55","300.03","1,95,05,556","5,85,22,12,907.90","1,95,857","65,05,263","33.35"
"WIPRO","EQ","09-Jan-2025","297.55","297.00","298.00","291.35","292.55","292.30","293.67","79,64,702","2,33,90,25,845.65","1,11,802","36,29,759","45.57"
"WIPRO","EQ","08-Jan-2025","294.05","293.00","298.45","289.30","296.70","297.55","293.58","79,37,785","2,33,03,69,706.15","87,090","38,29,612","48.25"
"WIPRO","EQ","07-Jan-2025","294.30","294.30","297.50","291.30","293.90","294.05","293.59","73,81,943","2,16,72,52,622.45","79,777","35,00,484","47.42"
"WIPRO","EQ","06-Jan-2025","294.45","295.00","297.80","290.55","294.00","294.30","294.25","91,73,687","2,69,93,22,101.00","12,75,75","42,26,853","46.08"
"WIPRO","EQ","03-Jan-2025","303.80","303.30","303.80","294.00","295.20","294.45","296.46","1,25,35,720","3,71,63,21,365.30","1,71,050","58,69,513","46.82"
"WIPRO","EQ","02-Jan-2025","300.30","298.00","304.45","297.15","303.00","303.80","301.60","88,00,435","2,65,41,94,340.80","1,48,575","35,98,426","40.89"
"WIPRO","EQ","01-Jan-2025","301.85","300.00","303.35","298.95","300.60","300.30","300.50","78,78,201","2,36,73,86,600.85","70,506","39,53,484","50.18"
"WIPRO","EQ","31-Dec-2024","303.70","300.95","303.00","295.25","302.00","301.85","299.75","93,37,030","2,79,87,87,560.90","1,05,060","43,70,615","46.81"
"WIPRO","EQ","30-Dec-2024","309.10","309.10","309.40","302.65","304.00","303.70","304.43","1,37,09,891","4,17,36,84,145.15","1,19,604","80,23,833","58.53"
"WIPRO","EQ","27-Dec-2024","305.05","305.20","310.90","304.70","309.40","309.10","308.98","80,63,921","2,49,15,83,630.65","81,568","40,45,681","50.17"
"WIPRO","EQ","26-Dec-2024","305.30","305.40","306.95","304.00","304.80","305.05","305.27","65,16,148","1,98,91,67,003.95","96,741","29,62,478","45.46"
"WIPRO","EQ","24-Dec-2024","307.90","307.50","309.20","302.80","305.75","305.30","305.67","88,37,902","2,70,15,15,577.05","95,955","45,83,966","51.87"
"WIPRO","EQ","23-Dec-2024","305.20","306.60","310.65","305.00","307.50","307.90","307.78","66,93,583","2,06,01,41,009.80","87,521","23,82,117","35.59"
"WIPRO","EQ","20-Dec-2024","312.75","315.50","320.00","304.40","305.85","305.20","308.59","2,22,14,824","6,85,52,40,775.60","1,43,471","1,06,56,680","47.97"
"WIPRO","EQ","19-Dec-2024","312.60","306.35","313.40","301.15","312.75","312.75","309.27","1,24,05,595","3,83,67,27,496.95","1,28,282","45,33,620","36.54"
"WIPRO","EQ","18-Dec-2024","308.85","309.00","313.25","308.55","311.95","312.60","312.08","1,09,65,226","3,42,20,64,737.95","1,27,057","57,93,042","52.83"
"WIPRO","EQ","17-Dec-2024","309.20","311.00","312.25","307.30","308.90","308.85","309.01","1,05,68,517","3,26,57,33,260.20","1,30,871","55,77,889","52.78"
"WIPRO","EQ","16-Dec-2024","309.95","310.00","311.40","307.10","308.70","309.20","308.69","72,21,189","2,22,90,78,544.10","80,436","33,42,550","46.29"
"WIPRO","EQ","13-Dec-2024","309.10","309.10","311.05","304.20","310.25","309.95","308.51","73,82,211","2,27,74,56,511.70","1,33,262","30,83,574","41.77"
"WIPRO","EQ","12-Dec-2024","309.00","308.00","313.80","307.45","309.55","309.10","310.88","1,29,58,440","4,02,84,98,050.80","1,55,980","56,70,635","43.76"
"WIPRO","EQ","11-Dec-2024","308.10","308.15","309.90","305.55","308.70","309.00","308.21","86,08,406","2,65,32,07,924.20","1,09,206","43,98,374","51.09"
"WIPRO","EQ","10-Dec-2024","303.75","306.00","311.00","303.45","308.00","308.10","308.09","1,70,28,502","5,24,63,85,861.80","1,84,274","85,40,135","50.15"
"WIPRO","EQ","09-Dec-2024","297.35","295.00","305.70","293.75","305.30","303.75","300.30","92,85,213","2,78,83,80,944.25","1,20,217","47,89,337","51.58"
"WIPRO","EQ","06-Dec-2024","299.30","299.15","299.15","296.20","297.40","297.35","297.51","78,94,350","2,34,86,29,293.55","1,07,637","44,26,207","56.07"
"WIPRO","EQ","05-Dec-2024","294.00","295.00","300.90","293.90","299.15","299.30","297.56","1,34,87,264","4,01,32,14,755.70","1,84,617","57,79,526","42.85"
"WIPRO","EQ","04-Dec-2024","291.65","294.65","297.00","291.80","294.30","294.00","294.48","1,40,36,431","4,13,35,01,841.85","1,92,217","73,56,160","52.41"
"WIPRO","EQ","03-Dec-2024","584.55","295.35","296.20","289.30","291.80","291.65","291.48","1,54,45,286","4,50,19,79,935.75","2,41,078","92,73,590","60.04"
"WIPRO","EQ","02-Dec-2024","577.85","582.45","585.55","578.20","585.00","584.55","582.21","55,97,000","3,25,86,28,990.80","1,13,636","29,44,370","52.61"
"WIPRO","EQ","29-Nov-2024","572.20","575.00","580.75","571.60","579.00","577.85","577.57","42,70,056","2,46,62,57,932.65","1,01,163","24,27,128","56.84"
"WIPRO","EQ","28-Nov-2024","582.90","585.75","586.00","570.55","574.20","572.20","575.74","59,48,278","3,42,46,85,849.50","1,30,985","25,72,197","43.24"
"WIPRO","EQ","27-Nov-2024","589.00","591.50","596.00","581.90","583.85","582.90","587.18","68,29,838","4,01,03,75,225.55","96,998","29,48,908","43.18"
"WIPRO","EQ","26-Nov-2024","582.45","585.00","590.35","579.30","588.30","589.00","585.41","78,85,670","4,61,63,16,839.15","1,00,727","37,15,970","47.12"
"WIPRO","EQ","25-Nov-2024","571.65","575.50","587.55","573.90","583.70","582.45","581.59","1,16,48,737","6,77,48,02,478.35","1,17,152","63,59,322","54.59"
"WIPRO","EQ","22-Nov-2024","557.15","561.95","573.60","557.90","571.40","571.65","569.09","73,66,616","4,19,22,88,196.05","1,09,184","27,31,667","37.08"
"WIPRO","EQ","21-Nov-2024","562.00","562.00","567.60","555.30","557.00","557.15","559.59","58,36,304","3,26,59,13,413.75","1,06,572","25,00,250","42.84"
"WIPRO","EQ","19-Nov-2024","552.85","556.00","569.80","554.70","561.00","562.00","564.31","64,59,889","3,64,53,50,716.90","90,880","29,05,769","44.98"
"WIPRO","EQ","18-Nov-2024","566.70","566.70","566.70","540.30","553.95","552.85","549.36","76,44,882","4,19,97,84,851.85","1,23,477","27,81,316","36.38"
"WIPRO","EQ","14-Nov-2024","569.00","568.95","574.55","564.20","566.90","566.70","567.93","48,91,760","2,77,81,76,528.10","1,17,854","25,38,670","51.90"
"WIPRO","EQ","13-Nov-2024","570.65","570.00","573.60","565.55","570.05","569.00","569.28","56,95,600","3,24,24,06,875.10","1,02,437","25,54,703","44.85"
"WIPRO","EQ","12-Nov-2024","573.50","575.00","579.70","569.05","569.05","570.65","574.29","56,30,445","3,23,35,16,616.80","1,08,985","25,56,064","45.40"
"WIPRO","EQ","11-Nov-2024","569.00","569.00","583.20","566.05","572.90","573.50","576.17","80,69,722","4,64,95,52,223.35","1,38,522","29,34,545","36.36"
"WIPRO","EQ","08-Nov-2024","563.40","565.00","578.80","565.00","568.60","569.00","572.86","1,04,26,329","5,97,27,91,779.60","1,83,221","37,95,713","36.41"
"WIPRO","EQ","07-Nov-2024","563.90","566.00","569.70","554.45","563.00","563.40","562.51","59,98,571","3,37,42,30,528.25","1,04,332","20,26,502","33.78"
"WIPRO","EQ","06-Nov-2024","543.70","547.45","565.85","541.00","565.00","563.90","558.38","97,77,442","5,45,95,48,569.35","1,42,103","32,04,489","32.77"
"WIPRO","EQ","05-Nov-2024","540.80","543.00","545.35","540.40","544.00","543.70","543.01","34,31,130","1,86,31,33,921.85","1,04,857","16,01,721","46.68"
"WIPRO","EQ","04-Nov-2024","551.35","551.00","552.45","534.20","541.80","540.80","540.79","49,27,780","2,66,49,00,712.70","1,02,676","17,81,415","36.15"
"WIPRO","EQ","01-Nov-2024","551.80","551.70","554.90","550.00","551.50","551.35","552.16","9,81,405","54,18,92,872.50","28,631","4,18,237","42.62"
"WIPRO","EQ","31-Oct-2024","565.25","564.80","566.30","548.30","553.10","551.80","552.84","78,40,047","4,33,43,04,399.85","1,17,481","29,85,191","38.08"
"WIPRO","EQ","30-Oct-2024","562.20","562.50","578.75","561.10","566.50","565.25","570.96","1,03,77,746","5,92,52,81,460.65","1,45,868","44,37,323","42.76"
"WIPRO","EQ","29-Oct-2024","558.60","559.80","563.40","553.25","561.05","562.20","558.81","60,27,815","3,36,83,79,485.35","99,440","28,13,187","46.67"
"WIPRO","EQ","28-Oct-2024","543.45","543.45","559.80","542.70","559.20","558.60","555.10","55,92,929","3,10,46,43,637.45","1,12,113","25,67,153","45.90"
"WIPRO","EQ","25-Oct-2024","546.90","549.75","552.00","540.50","544.80","543.45","544.24","50,62,270","2,75,51,14,012.80","79,747","22,88,800","45.21"
"WIPRO","EQ","24-Oct-2024","547.20","547.20","550.50","545.15","547.60","546.90","547.13","47,88,302","2,61,98,11,932.30","73,877","27,34,571","57.11"
"WIPRO","EQ","23-Oct-2024","545.45","547.50","554.50","542.20","547.15","547.20","549.71","63,49,288","3,49,02,47,134.85","96,079","25,20,038","39.69"
"WIPRO","EQ","22-Oct-2024","548.10","549.80","555.50","543.85","546.00","545.45","548.86","92,39,150","5,07,10,42,569.75","1,35,345","39,46,014","42.71"
"WIPRO","EQ","21-Oct-2024","548.65","551.60","561.90","547.00","547.20","548.10","553.56","1,19,83,482","6,63,35,86,475.55","1,97,938","37,92,543","31.65"
"WIPRO","EQ","18-Oct-2024","528.75","532.00","558.40","524.80","547.75","548.65","548.90","3,73,26,527","20,48,86,12,199.20","4,30,239","97,97,097","26.25"
"WIPRO","EQ","17-Oct-2024","532.15","534.95","538.00","525.05","528.70","528.75","532.52","1,18,77,639","6,32,51,37,029.50","1,23,685","60,65,092","51.06"
"WIPRO","EQ","16-Oct-2024","532.95","533.00","538.80","529.00","532.50","532.15","533.41","62,76,811","3,34,80,85,618.80","89,889","24,68,932","39.33"
"WIPRO","EQ","15-Oct-2024","549.55","552.85","552.85","530.85","532.70","532.95","538.03","1,08,00,626","5,81,11,04,306.65","1,39,212","44,64,822","41.34"
"WIPRO","EQ","14-Oct-2024","528.30","538.70","551.85","536.30","550.70","549.55","544.54","1,65,68,133","9,02,20,59,506.25","4,02,524","35,69,420","21.54"
"WIPRO","EQ","11-Oct-2024","525.00","520.35","534.40","520.35","528.45","528.30","527.76","42,18,491","2,22,63,69,252.65","67,047","16,52,930","39.18"
"WIPRO","EQ","10-Oct-2024","531.15","535.00","537.60","523.45","526.10","525.00","529.10","63,10,122","3,33,86,57,218.35","1,28,185","32,22,336","51.07"
"WIPRO","EQ","09-Oct-2024","526.95","529.80","538.70","528.50","532.80","531.15","533.63","44,20,844","2,35,90,82,210.95","75,937","20,34,478","46.02"
"WIPRO","EQ","08-Oct-2024","531.45","531.55","533.80","520.30","528.25","526.95","524.68","57,51,402","3,01,76,39,913.05","99,618","21,63,698","37.62"
"WIPRO","EQ","07-Oct-2024","533.55","538.00","541.70","525.95","530.55","531.45","532.53","49,39,037","2,63,02,02,954.55","86,426","22,40,857","45.37"
"WIPRO","EQ","04-Oct-2024","530.15","528.05","541.95","528.05","533.60","533.55","536.37","59,61,377","3,19,75,06,692.45","90,123","20,62,575","34.60"
"WIPRO","EQ","03-Oct-2024","546.75","540.10","542.40","526.25","529.80","530.15","533.10","70,17,684","3,74,11,23,907.35","1,28,928","30,28,152","43.15"
"WIPRO","EQ","01-Oct-2024","541.45","540.20","549.60","540.20","546.05","546.75","546.75","47,05,637","2,57,27,88,788.70","73,430","17,95,145","38.15"
"WIPRO","EQ","30-Sep-2024","541.80","538.00","544.50","534.00","540.40","541.45","541.10","40,99,723","2,21,83,59,319.30","72,853","17,78,298","43.38"
"WIPRO","EQ","27-Sep-2024","541.90","548.90","558.90","540.70","542.00","541.80","548.12","1,32,31,192","7,25,23,34,393.15","1,43,591","56,11,000","42.41"
"WIPRO","EQ","26-Sep-2024","536.20","538.70","543.10","535.70","539.95","541.90","540.81","57,01,700","3,08,35,59,514.15","1,02,748","26,43,607","46.37"
"WIPRO","EQ","25-Sep-2024","539.55","538.80","539.40","530.75","535.00","536.20","534.67","40,32,598","2,15,61,15,961.30","68,102","15,98,332","39.64"
"WIPRO","EQ","24-Sep-2024","534.90","532.20","541.90","529.35","539.00","539.55","536.29","61,77,847","3,31,31,41,006.70","92,764","24,25,112","39.25"
"WIPRO","EQ","23-Sep-2024","539.10","539.10","540.40","532.00","533.00","534.90","534.82","42,72,145","2,28,48,07,436.80","73,277","16,29,470","38.14"
"WIPRO","EQ","20-Sep-2024","533.35","537.90","540.75","531.00","538.20","539.10","536.02","83,32,116","4,46,62,00,600.60","83,666","36,70,787","44.06"
"WIPRO","EQ","19-Sep-2024","538.15","544.20","551.45","529.15","535.00","533.35","536.90","1,04,84,591","5,62,92,11,683.50","1,35,094","29,52,280","28.16"
"WIPRO","EQ","18-Sep-2024","551.90","549.05","549.05","532.65","537.70","538.15","537.77","83,32,760","4,48,10,92,138.95","1,38,689","31,29,682","37.56"
"WIPRO","EQ","17-Sep-2024","551.90","549.00","554.90","547.05","550.60","551.90","551.65","43,64,119","2,40,74,52,261.30","83,124","16,17,856","37.07"
"WIPRO","EQ","16-Sep-2024","550.60","553.00","556.85","549.00","551.05","551.90","553.19","55,44,289","3,06,70,48,209.05","1,10,124","21,94,710","39.59"
"WIPRO","EQ","13-Sep-2024","530.05","533.80","552.50","530.85","550.10","550.60","546.68","1,79,59,853","9,81,82,72,121.45","2,12,317","55,50,499","30.91"
"WIPRO","EQ","12-Sep-2024","514.35","520.45","532.00","517.75","528.50","530.05","525.53","78,89,737","4,14,62,86,007.65","1,67,465","34,01,408","43.11"
"WIPRO","EQ","11-Sep-2024","525.75","525.00","526.25","513.25","516.00","514.35","518.96","41,30,762","2,14,37,16,775.95","74,007","17,54,751","42.48"
"WIPRO","EQ","10-Sep-2024","514.85","516.80","528.00","514.00","525.25","525.75","521.93","51,43,636","2,68,46,13,353.85","81,752","18,96,892","36.88"
"WIPRO","EQ","09-Sep-2024","520.60","517.10","521.75","513.45","516.50","514.85","517.43","59,59,770","3,08,37,40,128.25","61,816","31,50,194","52.86"
"WIPRO","EQ","06-Sep-2024","524.85","524.85","529.90","518.45","521.50","520.60","522.96","72,89,977","3,81,23,59,008.05","87,136","32,70,872","44.87"
"WIPRO","EQ","05-Sep-2024","519.15","521.20","526.00","519.50","525.15","524.85","523.09","60,34,559","3,15,66,41,272.10","69,496","29,08,596","48.20"
"WIPRO","EQ","04-Sep-2024","536.05","528.00","528.25","516.75","519.65","519.15","520.25","1,02,01,064","5,30,71,53,537.65","1,20,722","47,76,336","46.82"
"WIPRO","EQ","03-Sep-2024","532.45","533.00","540.85","529.50","535.00","536.05","536.58","75,28,343","4,03,95,58,285.90","1,07,595","33,61,991","44.66"
"WIPRO","EQ","02-Sep-2024","538.40","538.40","542.00","531.85","532.50","532.45","534.85","78,67,991","4,20,81,86,458.05","89,740","48,33,493","61.43"
"WIPRO","EQ","30-Aug-2024","538.70","541.70","542.00","535.70","539.05","538.40","538.50","97,17,402","5,23,27,95,744.60","95,523","63,82,372","65.68"
"WIPRO","EQ","29-Aug-2024","534.60","535.00","541.95","534.05","538.80","538.70","537.86","1,28,42,659","6,90,75,57,608.30","1,91,366","45,05,232","35.08"
"WIPRO","EQ","28-Aug-2024","517.15","520.00","538.10","517.85","536.35","534.60","532.56","1,71,87,783","9,15,35,17,554.10","2,02,576","57,22,914","33.30"
"WIPRO","EQ","27-Aug-2024","520.00","520.00","523.25","516.00","517.20","517.15","518.47","39,82,898","2,06,50,04,421.70","58,350","19,62,543","49.27"
"WIPRO","EQ","26-Aug-2024","512.40","516.00","524.80","515.95","520.50","520.00","521.85","86,75,690","4,52,74,22,401.05","1,08,967","28,27,637","32.59"
"WIPRO","EQ","23-Aug-2024","519.00","519.90","521.45","511.35","513.00","512.40","514.17","56,38,853","2,89,93,31,237.65","71,998","21,51,364","38.15"
"WIPRO","EQ","22-Aug-2024","526.35","527.80","530.55","518.05","519.15","519.00","523.97","57,48,253","3,01,19,12,487.00","85,781","27,23,757","47.38"
"WIPRO","EQ","21-Aug-2024","524.65","523.40","528.10","521.05","528.00","526.35","524.66","32,27,201","1,69,31,90,755.55","62,328","15,44,546","47.86"
"WIPRO","EQ","20-Aug-2024","519.75","519.90","527.60","519.65","524.50","524.65","524.52","47,71,906","2,50,29,51,305.75","72,550","17,07,519","35.78"
"WIPRO","EQ","19-Aug-2024","516.25","516.00","523.20","513.70","520.00","519.75","519.73","57,33,281","2,97,97,56,757.55","79,050","22,13,314","38.60"
"WIPRO","EQ","16-Aug-2024","495.15","501.00","517.45","497.95","516.10","516.25","510.99","1,29,65,570","6,62,52,67,335.55","1,47,094","46,26,618","35.68"
"WIPRO","EQ","14-Aug-2024","490.50","493.00","496.85","490.45","495.70","495.15","493.14","55,60,878","2,74,23,02,149.55","81,615","28,02,332","50.39"
"WIPRO","EQ","13-Aug-2024","489.05","489.05","492.70","487.15","490.40","490.50","490.35","31,44,709","1,54,20,11,528.55","55,702","11,56,277","36.77"
"WIPRO","EQ","12-Aug-2024","491.30","491.55","494.00","487.40","489.50","489.05","490.30","36,69,234","1,79,90,07,178.15","53,159","17,25,407","47.02"
"WIPRO","EQ","09-Aug-2024","487.30","495.35","496.45","489.65","492.00","491.30","492.02","30,32,974","1,49,22,75,333.25","58,877","12,37,184","40.79"
"WIPRO","EQ","08-Aug-2024","497.40","494.00","494.00","486.35","488.05","487.30","489.34","65,80,285","3,22,00,17,618.30","1,18,284","33,52,196","50.94"
"WIPRO","EQ","07-Aug-2024","489.50","498.70","500.10","492.65","498.10","497.40","496.66","35,39,913","1,75,81,26,813.20","73,879","14,08,677","39.79"
"WIPRO","EQ","06-Aug-2024","485.00","489.75","499.35","486.60","490.00","489.50","493.38","56,35,792","2,78,05,65,321.75","1,03,575","18,37,585","32.61"
"WIPRO","EQ","05-Aug-2024","502.15","490.00","495.85","480.25","485.40","485.00","486.81","1,09,69,040","5,33,98,44,298.25","2,09,255","56,10,453","51.15"
"WIPRO","EQ","02-Aug-2024","521.55","515.00","519.25","501.00","502.00","502.15","508.74","78,26,114","3,98,14,44,687.60","1,82,307","37,83,930","48.35"
"WIPRO","EQ","01-Aug-2024","522.00","523.00","526.80","517.50","521.30","521.55","522.20","53,79,876","2,80,93,61,657.05","81,748","25,78,400","47.93"
"WIPRO","EQ","31-Jul-2024","521.50","521.80","524.90","519.45","521.00","522.00","522.01","38,79,254","2,02,50,00,532.85","78,311","19,56,935","50.45"
"WIPRO","EQ","30-Jul-2024","524.40","524.40","526.95","519.75","521.70","521.50","522.32","54,08,263","2,82,48,20,422.60","69,751","31,09,387","57.49"
"WIPRO","EQ","29-Jul-2024","524.80","528.00","530.55","522.85","524.35","524.40","525.97","60,05,777","3,15,88,76,664.85","85,064","26,30,100","43.79"
"WIPRO","EQ","26-Jul-2024","506.85","510.00","528.55","508.50","524.50","524.80","520.77","1,30,76,998","6,81,01,08,396.20","1,76,213","57,34,204","43.85"
"WIPRO","EQ","25-Jul-2024","500.10","496.00","507.50","493.30","507.50","506.85","502.96","1,09,43,945","5,50,43,98,301.85","1,61,155","58,47,757","53.43"
"WIPRO","EQ","24-Jul-2024","500.55","502.50","506.35","499.85","500.50","500.10","502.64","61,20,138","3,07,62,14,876.15","1,05,843","24,67,637","40.32"
"WIPRO","EQ","23-Jul-2024","505.80","508.00","508.00","486.35","500.60","500.55","499.94","1,29,23,816","6,46,10,87,870.90","2,24,589","42,35,782","32.78"
"WIPRO","EQ","22-Jul-2024","557.20","521.00","526.75","501.55","505.35","505.80","510.51","3,80,07,284","19,40,31,65,698.85","4,86,533","1,58,52,606","41.71"
"WIPRO","EQ","19-Jul-2024","573.20","579.90","579.90","554.70","557.00","557.20","564.95","1,32,61,745","7,49,22,08,987.85","1,73,832","52,02,882","39.23"
"WIPRO","EQ","18-Jul-2024","559.70","556.55","574.40","556.35","573.20","573.20","567.26","1,25,09,893","7,09,63,65,104.00","2,50,266","47,08,971","37.64"
"WIPRO","EQ","16-Jul-2024","559.70","561.85","562.60","556.40","559.50","559.70","559.14","56,19,531","3,14,21,08,459.55","1,38,520","27,50,412","48.94"
"WIPRO","EQ","15-Jul-2024","560.15","566.90","566.90","556.15","561.00","559.70","560.79","80,49,739","4,51,42,04,271.20","1,37,790","39,11,616","48.59"
"WIPRO","EQ","12-Jul-2024","534.10","545.00","564.80","541.55","559.00","560.15","555.57","2,70,93,021","15,05,20,05,876.20","2,98,553","83,95,630","30.99"
"WIPRO","EQ","11-Jul-2024","535.55","536.70","539.55","530.00","535.90","534.10","533.65","44,03,809","2,35,00,85,273.95","1,00,387","16,88,771","38.35"
"WIPRO","EQ","10-Jul-2024","541.00","541.00","543.35","531.75","534.50","535.55","536.48","46,16,874","2,47,68,64,488.70","74,450","18,97,558","41.10"
"WIPRO","EQ","09-Jul-2024","541.20","544.00","544.95","537.60","541.00","541.00","540.76","43,40,722","2,34,72,84,220.55","74,512","25,55,797","58.88"
"WIPRO","EQ","08-Jul-2024","535.10","535.95","543.00","535.00","542.20","541.20","540.02","60,88,180","3,28,77,39,222.20","1,21,678","30,48,879","50.08"
"WIPRO","EQ","05-Jul-2024","530.70","531.35","536.50","529.45","534.90","535.10","533.34","51,88,045","2,76,70,05,678.25","1,04,240","17,96,224","34.62"
"WIPRO","EQ","04-Jul-2024","539.00","541.40","548.80","529.10","532.25","530.70","537.46","97,62,316","5,24,68,59,994.65","1,27,355","34,86,684","35.72"
"WIPRO","EQ","03-Jul-2024","538.20","541.90","545.45","535.50","539.20","539.00","540.19","80,24,692","4,33,48,52,225.60","1,12,117","32,53,614","40.55"
"WIPRO","EQ","02-Jul-2024","527.35","529.30","545.00","528.30","538.35","538.20","538.33","1,81,38,484","9,76,44,57,855.70","2,31,000","51,55,630","28.42"
"WIPRO","EQ","01-Jul-2024","514.85","517.90","535.80","514.10","527.20","527.35","528.84","1,53,78,764","8,13,29,28,198.00","2,57,497","53,21,092","34.60"
"WIPRO","EQ","28-Jun-2024","510.80","512.00","516.30","505.85","513.80","514.85","512.44","82,02,916","4,20,34,97,643.45","1,17,062","38,74,428","47.23"
"WIPRO","EQ","27-Jun-2024","495.20","492.15","511.95","489.20","510.50","510.80","505.59","2,10,68,569","10,65,20,92,506.85","2,25,180","96,12,457","45.62"
"WIPRO","EQ","26-Jun-2024","496.85","496.85","499.90","493.80","494.50","495.20","495.95","64,06,045","3,17,70,96,996.05","1,13,867","41,93,069","65.45"
"WIPRO","EQ","25-Jun-2024","490.55","490.55","498.00","489.30","497.00","496.85","493.94","46,29,105","2,28,64,80,802.15","79,008","24,49,317","52.91"
"WIPRO","EQ","24-Jun-2024","490.55","490.10","494.90","489.45","490.80","490.55","491.78","49,67,259","2,44,27,84,735.70","73,973","23,51,300","47.34"
"WIPRO","EQ","21-Jun-2024","490.40","497.95","500.95","489.10","491.60","490.55","491.89","4,75,85,588","23,40,66,56,808.25","2,03,465","3,38,55,194","71.15"
"WIPRO","EQ","20-Jun-2024","495.75","497.50","497.50","488.25","491.00","490.40","491.98","62,85,563","3,09,23,91,359.80","1,08,929","25,91,614","41.23"
"WIPRO","EQ","19-Jun-2024","491.85","492.25","497.15","486.75","495.25","495.75","492.61","1,04,40,142","5,14,29,23,763.65","1,23,262","50,54,224","48.41"
"WIPRO","EQ","18-Jun-2024","477.50","481.00","493.00","480.05","491.55","491.85","490.22","1,59,35,492","7,81,19,45,829.15","2,42,174","63,86,875","40.08"
"WIPRO","EQ","14-Jun-2024","482.60","485.00","485.60","476.20","477.15","477.50","478.63","56,61,298","2,70,96,81,807.50","1,34,137","23,65,395","41.78"
"WIPRO","EQ","13-Jun-2024","476.90","480.00","485.35","478.15","482.00","482.60","482.91","64,97,966","3,13,79,28,794.05","1,10,667","23,15,056","35.63"
"WIPRO","EQ","12-Jun-2024","476.05","478.00","484.40","475.55","477.00","476.90","479.94","69,37,558","3,32,96,20,700.95","1,45,168","27,83,699","40.13"
"WIPRO","EQ","11-Jun-2024","475.25","479.20","479.20","474.35","475.55","476.05","476.76","46,85,857","2,23,40,07,039.35","67,351","20,99,470","44.80"
"WIPRO","EQ","10-Jun-2024","484.55","488.40","488.40","473.35","475.45","475.25","477.61","91,55,876","4,37,28,96,775.65","1,28,553","34,03,226","37.17"
"WIPRO","EQ","07-Jun-2024","461.00","470.00","486.40","468.30","484.00","484.55","482.16","3,63,36,220","17,51,99,72,023.15","3,73,790","1,12,91,883","31.08"
"WIPRO","EQ","06-Jun-2024","451.50","454.95","462.00","452.60","461.60","461.00","458.20","77,12,784","3,53,39,82,927.80","1,50,107","30,56,234","39.63"
"WIPRO","EQ","05-Jun-2024","438.15","439.70","455.00","439.05","451.50","451.50","449.65","61,33,714","2,75,80,21,848.90","1,23,575","28,03,619","45.71"
"WIPRO","EQ","04-Jun-2024","444.10","445.90","445.90","417.00","439.70","438.15","436.08","88,65,366","3,86,59,79,968.35","1,67,269","35,62,470","40.18"
"WIPRO","EQ","03-Jun-2024","438.20","450.20","450.55","441.55","444.50","444.10","444.23","44,82,212","1,99,11,12,467.95","88,057","22,02,807","49.15"
"WIPRO","EQ","31-May-2024","436.95","437.55","442.15","435.50","439.00","438.20","438.75","1,07,19,002","4,70,29,21,093.70","1,63,674","53,38,961","49.81"
"WIPRO","EQ","30-May-2024","450.80","449.00","449.50","435.10","438.20","436.95","440.23","1,03,62,284","4,56,17,74,444.70","1,95,003","59,96,258","57.87"
"WIPRO","EQ","29-May-2024","456.05","454.00","455.50","449.50","450.00","450.80","451.95","48,78,018","2,20,46,35,542.80","73,341","26,61,736","54.57"
"WIPRO","EQ","28-May-2024","452.45","454.00","457.25","453.10","455.00","456.05","455.59","78,89,063","3,59,41,58,781.55","52,387","54,26,219","68.78"
"WIPRO","EQ","27-May-2024","463.65","462.00","462.15","451.60","453.60","452.45","454.36","2,04,91,879","9,31,07,12,901.05","2,91,324","1,33,36,057","65.08"
"WIPRO","EQ","24-May-2024","465.80","467.00","470.50","462.00","462.15","463.65","466.89","41,02,763","1,91,55,33,447.20","69,778","15,44,473","37.64"
"WIPRO","EQ","23-May-2024","461.30","462.50","468.00","461.75","465.85","465.80","465.85","65,85,666","3,06,79,41,496.35","1,09,706","24,37,530","37.01"
"WIPRO","EQ","22-May-2024","460.90","462.90","463.45","458.85","461.35","461.30","460.99","38,82,942","1,78,99,85,123.85","75,978","18,39,961","47.39"
"WIPRO","EQ","21-May-2024","462.55","463.00","464.80","459.70","460.60","460.90","461.91","42,33,724","1,95,56,15,977.05","91,428","23,01,866","54.37"
"WIPRO","EQ","18-May-2024","461.00","460.70","463.15","459.15","462.80","462.55","462.14","4,39,806","20,32,51,846.75","9,611","2,44,786","55.66"
"WIPRO","EQ","17-May-2024","464.45","464.40","464.40","460.05","461.15","461.00","461.45","34,38,410","1,58,66,41,333.00","69,648","14,65,365","42.62"
"WIPRO","EQ","16-May-2024","458.30","462.00","467.50","456.10","464.00","464.45","462.22","73,10,736","3,37,91,92,091.65","1,99,329","21,19,139","28.99"
"WIPRO","EQ","15-May-2024","456.35","456.35","459.75","454.65","458.50","458.30","457.55","23,96,712","1,09,66,19,531.35","51,332","8,56,079","35.72"
"WIPRO","EQ","14-May-2024","451.95","452.70","459.90","452.20","457.00","456.35","456.06","24,54,710","1,11,95,04,487.65","50,943","9,13,207","37.20"
"WIPRO","EQ","13-May-2024","451.85","451.85","453.25","445.00","452.70","451.95","449.32","35,55,804","1,59,76,91,210.15","70,590","14,97,674","42.12"
"WIPRO","EQ","10-May-2024","455.90","456.05","457.50","450.30","451.75","451.85","453.02","33,27,357","1,50,73,74,022.85","87,956","11,17,120","33.57"
"WIPRO","EQ","09-May-2024","463.20","461.75","464.40","454.05","454.95","455.90","459.15","46,16,742","2,11,97,64,605.60","1,05,541","17,69,541","38.33"
"WIPRO","EQ","08-May-2024","463.90","465.00","466.40","461.30","462.55","463.20","463.75","41,02,840","1,90,26,96,372.00","71,059","18,56,114","45.24"
"WIPRO","EQ","07-May-2024","458.65","461.80","465.35","454.00","464.65","463.90","460.84","46,39,264","2,13,79,62,667.10","88,701","16,43,799","35.43"
"WIPRO","EQ","06-May-2024","457.35","458.80","462.60","456.00","458.60","458.65","459.91","34,59,063","1,59,08,42,471.05","63,782","12,08,701","34.94"
"WIPRO","EQ","03-May-2024","457.40","460.40","462.00","453.20","455.95","457.35","457.47","48,65,313","2,22,57,49,257.65","1,08,000","16,06,043","33.01"
"WIPRO","EQ","02-May-2024","462.40","462.40","463.00","455.45","457.80","457.40","457.79","74,68,638","3,41,90,53,761.55","1,70,531","28,70,178","38.43"
"WIPRO","EQ","30-Apr-2024","462.95","463.00","466.75","461.50","462.40","462.40","463.91","44,51,478","2,06,50,64,238.45","72,568","26,72,315","60.03"
"WIPRO","EQ","29-Apr-2024","464.60","467.65","468.00","461.60","463.30","462.95","463.59","36,24,970","1,68,04,89,736.85","68,000","16,54,693","45.65"
"WIPRO","EQ","26-Apr-2024","461.00","461.90","475.80","461.60","465.15","464.60","469.20","1,07,39,147","5,03,88,08,647.80","1,69,644","37,59,538","35.01"
"WIPRO","EQ","25-Apr-2024","459.90","458.90","462.55","455.80","461.65","461.00","460.46","59,02,545","2,71,79,00,740.60","1,11,925","20,74,435","35.14"
"WIPRO","EQ","24-Apr-2024","462.10","463.90","464.65","458.60","460.95","459.90","461.58","29,57,584","1,36,51,54,814.05","58,214","13,57,055","45.88"
"WIPRO","EQ","23-Apr-2024","462.00","466.80","466.80","460.20","461.50","462.10","463.14","51,61,356","2,39,04,45,963.45","72,015","20,91,107","40.51"
"WIPRO","EQ","22-Apr-2024","452.75","452.75","466.15","450.00","461.95","462.00","461.45","94,40,870","4,35,64,93,004.90","1,18,309","24,80,903","26.28"
"WIPRO","EQ","19-Apr-2024","444.35","440.00","453.90","437.00","452.10","452.75","446.76","1,02,35,053","4,57,26,53,452.85","1,51,723","41,26,287","40.32"
"WIPRO","EQ","18-Apr-2024","448.35","452.50","455.45","442.85","445.20","444.35","448.85","1,09,93,129","4,93,43,08,716.40","1,86,058","44,05,773","40.08"
"WIPRO","EQ","16-Apr-2024","459.35","453.05","458.50","444.80","449.00","448.35","451.53","1,07,19,712","4,84,02,73,621.50","1,70,099","53,37,730","49.79"
"WIPRO","EQ","15-Apr-2024","470.75","466.45","468.35","458.20","458.50","459.35","462.88","60,88,236","2,81,81,32,715.95","1,06,295","24,21,856","39.78"
"WIPRO","EQ","12-Apr-2024","477.30","475.00","480.00","470.00","471.20","470.75","474.60","65,85,023","3,12,52,73,929.60","1,24,860","22,05,682","33.50"
"WIPRO","EQ","10-Apr-2024","475.80","477.50","479.45","473.10","477.70","477.30","476.56","53,85,767","2,56,66,67,762.60","96,262","24,81,747","46.08"
"WIPRO","EQ","09-Apr-2024","479.90","483.95","485.25","475.20","476.20","475.80","480.00","79,00,625","3,79,23,12,304.20","94,664","29,71,860","37.62"
"WIPRO","EQ","08-Apr-2024","485.05","490.00","491.60","478.20","480.25","479.90","481.97","1,33,20,385","6,42,00,41,980.50","1,58,947","52,59,589","39.49"
"WIPRO","EQ","05-Apr-2024","487.40","486.50","487.15","482.55","485.00","485.05","485.12","32,07,172","1,55,58,58,117.10","67,428","12,78,455","39.86"
"WIPRO","EQ","04-Apr-2024","483.20","485.80","491.95","479.60","489.00","487.40","486.02","80,02,023","3,88,91,52,033.00","1,33,925","20,28,380","25.35"
"WIPRO","EQ","03-Apr-2024","481.20","480.00","487.70","475.95","483.75","483.20","483.26","68,97,258","3,33,31,43,126.20","89,528","31,88,072","46.22"
"WIPRO","EQ","02-Apr-2024","484.95","481.95","482.70","479.60","481.65","481.20","480.97","34,66,327","1,66,71,89,630.65","60,299","17,15,514","49.49"
"WIPRO","EQ","01-Apr-2024","480.10","483.70","486.40","481.55","485.10","484.95","484.07","30,20,504","1,46,21,49,401.65","54,843","10,43,951","34.56"
"WIPRO","EQ","28-Mar-2024","472.30","476.70","483.05","475.30","480.00","480.10","479.46","77,27,575","3,70,50,31,323.15","1,16,396","33,63,015","43.52"
"WIPRO","EQ","27-Mar-2024","479.85","479.70","480.95","471.25","472.00","472.30","475.86","71,60,334","3,40,73,35,199.95","1,32,362","35,72,056","49.89"
"WIPRO","EQ","26-Mar-2024","487.10","486.00","490.95","479.05","479.90","479.85","482.46","91,36,673","4,40,81,01,326.90","1,35,593","48,07,552","52.62"
"WIPRO","EQ","22-Mar-2024","500.45","489.25","490.75","479.55","488.15","487.10","485.76","1,43,23,251","6,95,77,32,104.45","2,13,879","39,06,216","27.27"
"WIPRO","EQ","21-Mar-2024","493.50","499.65","505.30","498.45","501.00","500.45","501.64","58,22,290","2,92,06,74,298.90","1,25,870","25,69,374","44.13"
"WIPRO","EQ","20-Mar-2024","494.85","496.05","501.25","489.20","494.10","493.50","494.36","41,92,672","2,07,26,97,556.55","93,190","15,22,548","36.31"
"WIPRO","EQ","19-Mar-2024","510.20","509.00","509.00","493.15","494.05","494.85","500.12","48,08,693","2,40,49,22,101.70","1,00,950","20,22,116","42.05"
"WIPRO","EQ","18-Mar-2024","517.00","518.00","518.55","509.00","510.00","510.20","512.48","31,96,980","1,63,83,84,109.40","74,628","14,15,711","44.28"
"WIPRO","EQ","15-Mar-2024","517.95","514.75","518.25","506.40","515.05","517.00","514.17","68,24,543","3,50,89,48,810.80","1,20,822","32,67,205","47.87"
"WIPRO","EQ","14-Mar-2024","504.40","501.15","518.90","495.15","516.70","517.95","510.75","64,12,736","3,27,52,92,245.50","1,31,382","24,00,518","37.43"
"WIPRO","EQ","13-Mar-2024","510.85","513.80","518.70","496.80","503.30","504.40","507.97","67,90,240","3,44,92,51,500.10","1,31,621","23,41,926","34.49"
"WIPRO","EQ","12-Mar-2024","514.55","512.75","522.50","507.75","510.35","510.85","514.32","58,26,380","2,99,66,41,599.75","1,11,713","17,40,185","29.87"
"WIPRO","EQ","11-Mar-2024","515.50","517.40","518.95","512.30","513.35","514.55","515.88","55,65,756","2,87,12,72,596.85","1,00,543","27,57,908","49.55"
"WIPRO","EQ","07-Mar-2024","513.15","513.75","520.40","510.50","514.40","515.50","515.79","48,53,991","2,50,36,34,427.65","90,688","18,48,515","38.08"
"WIPRO","EQ","06-Mar-2024","513.30","513.70","514.85","500.00","513.70","513.15","507.30","55,45,961","2,81,34,60,342.15","1,06,018","16,28,111","29.36"
"WIPRO","EQ","05-Mar-2024","520.50","517.75","520.50","510.65","512.95","513.30","514.68","52,60,774","2,70,75,97,916.35","1,02,449","24,19,162","45.98"
"WIPRO","EQ","04-Mar-2024","522.85","522.95","526.40","518.55","520.45","520.50","522.04","28,31,185","1,47,79,78,691.80","70,787","11,77,169","41.58"
"WIPRO","EQ","02-Mar-2024","519.10","523.45","524.80","522.00","523.00","522.85","523.18","3,40,134","17,79,52,735.70","8,551","1,93,596","56.92"
"WIPRO","EQ","01-Mar-2024","518.60","522.40","525.20","517.55","519.25","519.10","519.93","47,10,315","2,44,90,24,179.70","1,01,604","20,99,369","44.57"
"WIPRO","EQ","29-Feb-2024","517.70","517.30","524.25","513.20","521.00","518.60","518.18","72,31,382","3,74,71,58,471.15","1,26,016","31,96,884","44.21"
"WIPRO","EQ","28-Feb-2024","531.45","530.00","530.95","515.00","515.80","517.70","522.69","63,94,528","3,34,23,69,685.30","1,54,136","23,75,998","37.16"
"WIPRO","EQ","27-Feb-2024","532.90","534.00","537.40","527.55","531.10","531.45","532.40","51,99,630","2,76,82,62,998.75","1,06,972","17,84,937","34.33"
"WIPRO","EQ","26-Feb-2024","536.15","536.25","536.50","526.05","531.50","532.90","530.97","44,10,318","2,34,17,63,075.15","1,21,022","17,51,193","39.71"
"WIPRO","EQ","23-Feb-2024","531.05","535.00","541.25","533.30","534.40","536.15","536.40","99,30,497","5,32,67,58,973.40","1,51,667","46,41,983","46.74"
"WIPRO","EQ","22-Feb-2024","521.40","522.80","533.00","521.45","530.80","531.05","526.59","72,98,241","3,84,31,47,169.20","1,58,061","20,59,894","28.22"
"WIPRO","EQ","21-Feb-2024","531.95","535.90","536.30","519.50","521.00","521.40","526.81","65,57,787","3,45,47,23,748.55","1,37,819","25,23,275","38.48"
"WIPRO","EQ","20-Feb-2024","535.95","535.80","538.15","526.25","531.95","531.95","532.53","51,87,063","2,76,22,43,913.00","1,23,368","16,87,133","32.53"
"WIPRO","EQ","19-Feb-2024","543.00","545.90","545.90","531.35","536.00","535.95","537.98","93,01,379","5,00,39,65,091.35","1,52,421","30,95,558","33.28"
"WIPRO","EQ","16-Feb-2024","518.50","522.50","545.00","520.95","541.95","543.00","535.12","1,74,71,322","9,34,92,29,002.00","2,57,984","57,45,266","32.88"
"WIPRO","EQ","15-Feb-2024","514.50","516.95","522.85","513.05","517.70","518.50","518.83","72,85,388","3,77,99,13,374.25","1,39,433","24,39,566","33.49"
"WIPRO","EQ","14-Feb-2024","511.60","503.95","517.00","497.05","512.75","514.50","507.88","1,12,97,328","5,73,76,87,587.40","1,38,332","43,52,564","38.53"
"WIPRO","EQ","13-Feb-2024","501.45","503.10","513.00","491.70","511.50","511.60","504.28","1,11,86,788","5,64,12,64,185.90","1,38,027","47,20,158","42.19"
"WIPRO","EQ","12-Feb-2024","490.45","491.00","510.80","491.00","501.15","501.45","504.66","2,44,36,750","12,33,21,75,483.15","2,70,583","88,42,230","36.18"
"WIPRO","EQ","09-Feb-2024","488.85","490.90","494.75","482.75","491.00","490.45","488.69","39,46,894","1,92,88,09,821.30","98,190","9,64,056","24.43"
"WIPRO","EQ","08-Feb-2024","495.20","495.90","500.10","485.10","489.00","488.85","492.54","56,51,920","2,78,37,94,237.35","1,32,052","17,40,777","30.80"
"WIPRO","EQ","07-Feb-2024","499.65","500.95","501.70","492.55","495.10","495.20","496.51","45,51,767","2,26,00,05,484.70","98,302","16,35,432","35.93"
"WIPRO","EQ","06-Feb-2024","482.35","484.70","501.80","483.10","499.45","499.65","496.86","1,45,12,019","7,21,04,61,310.90","2,06,606","52,87,811","36.44"
"WIPRO","EQ","05-Feb-2024","483.15","483.00","489.50","479.15","482.50","482.35","484.49","57,83,302","2,80,19,49,885.55","1,04,970","22,14,280","38.29"
"WIPRO","EQ","02-Feb-2024","471.35","475.00","486.50","475.00","483.80","483.15","481.32","81,48,111","3,92,18,65,076.40","1,43,077","29,42,274","36.11"
"WIPRO","EQ","01-Feb-2024","478.15","477.55","477.70","470.60","471.40","471.35","473.04","39,14,060","1,85,14,96,740.95","94,070","12,33,618","31.52"
"WIPRO","EQ","31-Jan-2024","472.50","472.50","479.90","469.00","477.00","478.15","474.77","52,92,240","2,51,26,00,122.90","1,02,548","22,84,170","43.16"
"WIPRO","EQ","30-Jan-2024","473.00","474.40","482.90","471.50","472.55","472.50","477.82","59,14,007","2,82,58,37,433.50","1,13,702","20,60,932","34.85"
"WIPRO","EQ","29-Jan-2024","470.00","470.00","477.00","470.00","473.05","473.00","474.11","50,25,650","2,38,27,01,969.55","95,169","23,11,543","45.99"
"WIPRO","EQ","25-Jan-2024","478.05","478.05","479.35","468.55","471.85","470.00","472.58","64,26,490","3,03,70,56,380.60","1,32,676","27,02,680","42.06"
"WIPRO","EQ","24-Jan-2024","469.90","471.00","479.00","468.05","478.75","478.05","472.97","58,54,375","2,76,89,38,795.80","1,16,149","23,54,335","40.21"
"WIPRO","EQ","23-Jan-2024","477.95","478.05","486.00","467.05","471.50","469.90","477.07","99,86,168","4,76,40,74,713.60","1,42,848","52,12,852","52.20"
"WIPRO","EQ","20-Jan-2024","485.05","486.40","488.90","469.05","478.30","477.95","479.48","60,45,801","2,89,88,37,065.15","1,14,091","13,51,171","22.35"
"WIPRO","EQ","19-Jan-2024","482.65","488.00","493.35","483.60","484.90","485.05","487.18","77,49,310","3,77,52,92,896.75","1,36,626","26,21,567","33.83"
"WIPRO","EQ","18-Jan-2024","482.40","482.40","489.00","468.40","482.30","482.65","478.52","1,30,72,462","6,25,54,99,769.45","2,00,207","33,15,459","25.36"
"WIPRO","EQ","17-Jan-2024","485.00","475.15","491.50","472.00","483.00","482.40","483.21","1,43,34,466","6,92,65,40,674.70","1,78,223","43,24,835","30.17"
"WIPRO","EQ","16-Jan-2024","494.60","495.00","495.00","480.50","485.75","485.00","485.37","1,29,56,246","6,28,85,65,190.30","2,06,078","39,58,423","30.55"
"WIPRO","EQ","15-Jan-2024","465.45","511.95","529.00","489.15","495.10","494.60","504.57","6,39,22,132","32,25,31,08,339.25","5,61,618","1,46,53,036","22.92"
"WIPRO","EQ","12-Jan-2024","448.20","455.00","469.00","455.00","466.00","465.45","465.19","1,80,43,367","8,39,35,07,441.20","4,18,036","59,59,104","33.03"
"WIPRO","EQ","11-Jan-2024","453.60","454.95","456.90","446.70","448.55","448.20","451.39","43,19,409","1,94,97,38,022.65","1,14,196","16,24,924","37.62"
"WIPRO","EQ","10-Jan-2024","450.75","451.45","456.00","449.00","455.65","453.60","452.29","44,37,338","2,00,69,49,671.70","91,350","14,56,951","32.83"
"WIPRO","EQ","09-Jan-2024","450.35","458.00","462.50","449.95","451.50","450.75","456.18","72,32,524","3,29,93,00,580.60","1,35,994","24,91,631","34.45"
"WIPRO","EQ","08-Jan-2024","456.60","457.50","460.00","449.05","450.60","450.35","453.95","50,41,443","2,28,85,76,121.25","1,22,009","18,82,835","37.35"
"WIPRO","EQ","05-Jan-2024","452.40","455.05","463.00","453.50","456.05","456.60","458.35","84,44,565","3,87,06,00,023.95","1,77,606","25,32,447","29.99"
"WIPRO","EQ","04-Jan-2024","455.90","457.00","459.85","451.40","452.45","452.40","454.67","75,85,168","3,44,87,36,823.65","1,52,999","32,95,903","43.45"
"WIPRO","EQ","03-Jan-2024","469.20","463.90","463.90","455.00","456.00","455.90","458.42","97,67,182","4,47,74,57,367.05","2,08,213","44,20,494","45.26"
"WIPRO","EQ","02-Jan-2024","477.15","478.00","478.00","464.30","469.55","469.20","469.70","71,41,257","3,35,42,29,294.00","1,24,248","26,28,348","36.81"
"WIPRO","EQ","01-Jan-2024","471.30","473.00","483.50","468.30","474.80","477.15","477.34","1,01,73,639","4,85,62,83,990.30","1,39,809","30,43,928","29.92"
"WIPRO","EQ","29-Dec-2023","469.45","470.95","475.35","466.10","470.80","471.30","471.63","79,80,570","3,76,38,68,120.80","1,30,529","29,04,964","36.40"
"WIPRO","EQ","28-Dec-2023","470.95","472.55","477.40","467.65","469.00","469.45","471.54","84,19,978","3,97,03,70,034.45","1,52,805","34,36,161","40.81"
"WIPRO","EQ","27-Dec-2023","470.10","468.50","475.40","464.10","470.00","470.95","470.25","1,26,31,496","5,93,99,28,530.50","2,00,199","45,24,489","35.82"
"WIPRO","EQ","26-Dec-2023","462.65","454.00","475.80","448.35","469.70","470.10","466.73","2,73,14,322","12,74,82,99,048.10","3,26,049","85,73,859","31.39"
"WIPRO","EQ","22-Dec-2023","434.00","435.30","466.30","434.00","461.90","462.65","455.69","2,30,40,407","10,49,93,49,828.90","3,17,516","70,13,988","30.44"
"WIPRO","EQ","21-Dec-2023","431.95","428.90","436.50","427.20","434.90","434.00","433.27","53,31,504","2,31,00,02,064.65","1,45,804","14,89,824","27.94"
"WIPRO","EQ","20-Dec-2023","438.70","442.00","449.50","429.35","430.50","431.95","441.59","1,32,24,971","5,84,00,16,260.20","2,41,669","45,25,325","34.22"
"WIPRO","EQ","19-Dec-2023","445.25","445.60","447.35","435.00","438.20","438.70","439.32","80,32,347","3,52,87,63,708.00","1,89,808","33,23,823","41.38"
"WIPRO","EQ","18-Dec-2023","446.55","446.00","453.50","442.00","444.30","445.25","447.94","1,00,91,036","4,52,01,40,211.05","1,91,284","35,92,732","35.60"
"WIPRO","EQ","15-Dec-2023","434.40","436.05","449.50","433.50","445.80","446.55","444.43","2,07,83,617","9,23,69,17,892.75","2,96,539","80,36,762","38.67"
"WIPRO","EQ","14-Dec-2023","419.65","423.50","436.00","423.25","434.00","434.40","431.28","1,23,40,688","5,32,23,08,022.95","2,14,863","56,70,233","45.95"
"WIPRO","EQ","13-Dec-2023","422.20","423.55","424.30","415.00","419.90","419.65","418.87","48,48,408","2,03,08,65,280.15","99,654","23,37,305","48.21"
"WIPRO","EQ","12-Dec-2023","420.60","420.70","427.90","420.15","422.00","422.20","424.02","59,51,682","2,52,36,31,269.95","1,17,032","25,84,980","43.43"
"WIPRO","EQ","11-Dec-2023","422.60","420.00","422.20","417.25","420.00","420.60","420.33","50,42,121","2,11,93,33,559.45","1,01,686","20,94,498","41.54"
"WIPRO","EQ","08-Dec-2023","418.25","418.80","424.50","415.00","424.00","422.60","420.50","77,39,561","3,25,45,03,888.50","1,32,597","24,65,572","31.86"
"WIPRO","EQ","07-Dec-2023","418.75","420.00","421.50","416.65","418.30","418.25","418.75","56,25,276","2,35,56,00,588.35","1,05,558","22,79,747","40.53"
"WIPRO","EQ","06-Dec-2023","404.35","406.75","420.40","405.95","420.30","418.75","414.25","1,10,41,035","4,57,37,70,109.10","1,55,387","51,35,557","46.51"
"WIPRO","EQ","05-Dec-2023","407.45","407.40","409.00","402.10","404.65","404.35","404.44","55,82,684","2,25,78,60,909.45","94,367","27,84,886","49.88"
"WIPRO","EQ","04-Dec-2023","407.65","412.70","413.00","406.75","407.30","407.45","408.63","53,31,236","2,17,85,24,098.90","92,832","32,19,203","60.38"
"WIPRO","EQ","01-Dec-2023","413.05","413.75","413.75","406.50","407.10","407.65","408.45","49,15,213","2,00,76,34,999.60","94,634","19,90,253","40.49"
"WIPRO","EQ","30-Nov-2023","406.25","406.95","414.50","404.05","411.80","413.05","410.05","99,12,979","4,06,48,52,962.85","1,39,985","54,80,458","55.29"
"WIPRO","EQ","29-Nov-2023","396.85","398.00","408.55","398.00","406.05","406.25","405.24","77,72,043","3,14,95,35,327.95","1,08,955","33,94,772","43.68"
"WIPRO","EQ","28-Nov-2023","396.00","397.00","398.75","393.10","397.20","396.85","395.55","40,72,657","1,61,09,43,054.25","93,527","22,41,240","55.03"
"WIPRO","EQ","24-Nov-2023","402.50","402.50","403.50","395.55","396.00","396.00","398.14","31,25,283","1,24,42,99,168.60","69,437","14,40,471","46.09"
"WIPRO","EQ","23-Nov-2023","400.25","400.50","405.00","400.50","402.80","402.50","402.65","48,38,680","1,94,83,12,363.15","94,371","21,49,261","44.42"
"WIPRO","EQ","22-Nov-2023","400.65","402.50","402.60","399.10","400.50","400.25","400.78","26,59,291","1,06,57,89,721.10","65,892","13,20,213","49.65"
"WIPRO","EQ","21-Nov-2023","400.20","402.60","402.60","400.05","400.55","400.65","401.10","27,20,124","1,09,10,38,207.50","72,441","16,19,674","59.54"
"WIPRO","EQ","20-Nov-2023","395.40","393.20","401.10","393.20","400.15","400.20","399.28","43,05,248","1,71,89,88,192.75","85,321","20,85,616","48.44"
"WIPRO","EQ","17-Nov-2023","397.10","398.00","399.00","394.50","394.90","395.40","396.56","39,43,464","1,56,38,30,351.00","84,552","21,91,986","55.59"
"WIPRO","EQ","16-Nov-2023","391.65","391.65","399.50","389.30","396.75","397.10","395.60","69,21,788","2,73,82,42,303.60","1,24,565","29,12,193","42.07"
"WIPRO","EQ","15-Nov-2023","381.65","385.55","392.25","384.25","391.45","391.65","389.52","53,96,259","2,10,19,67,980.65","1,25,802","27,49,813","50.96"
"WIPRO","EQ","13-Nov-2023","382.45","382.60","382.90","380.00","382.05","381.65","381.07","17,92,951","68,32,34,046.35","63,717","10,05,691","56.09"
"WIPRO","EQ","12-Nov-2023","379.30","383.40","383.40","381.45","383.00","382.45","382.46","10,11,662","38,69,19,203.35","39,907","6,91,571","68.36"
"WIPRO","EQ","10-Nov-2023","380.85","380.30","381.80","377.00","379.75","379.30","378.54","53,55,350","2,02,72,15,362.30","95,452","34,09,742","63.67"
"WIPRO","EQ","09-Nov-2023","382.20","383.00","384.00","379.70","381.20","380.85","381.44","46,15,563","1,76,05,64,503.10","85,875","27,04,155","58.59"
"WIPRO","EQ","08-Nov-2023","383.30","384.60","385.85","381.50","382.60","382.20","383.20","35,51,026","1,36,07,52,175.85","81,593","23,31,734","65.66"
"WIPRO","EQ","07-Nov-2023","384.65","384.90","387.00","382.85","384.00","383.30","384.53","28,46,089","1,09,44,13,257.15","73,620","13,28,947","46.69"
"WIPRO","EQ","06-Nov-2023","383.55","386.00","386.45","383.00","385.45","384.65","384.95","24,69,968","95,08,11,621.70","64,533","14,06,149","56.93"
"WIPRO","EQ","03-Nov-2023","383.65","386.00","386.70","382.65","383.75","383.55","384.03","26,45,764","1,01,60,51,515.80","66,538","13,20,768","49.92"
"WIPRO","EQ","02-Nov-2023","380.95","383.80","385.15","382.10","384.00","383.65","383.61","23,71,365","90,96,80,621.95","76,797","9,00,190","37.96"
"WIPRO","EQ","01-Nov-2023","381.80","383.85","385.55","380.15","381.00","380.95","382.86","21,20,976","81,20,33,838.95","63,993","8,59,054","40.50"
"WIPRO","EQ","31-Oct-2023","382.00","383.20","384.10","379.15","382.90","381.80","381.65","30,76,768","1,17,42,57,250.05","81,595","15,71,181","51.07"
"WIPRO","EQ","30-Oct-2023","382.35","384.00","384.35","380.40","382.70","382.00","382.15","23,44,372","89,59,02,136.95","85,164","10,37,095","44.24"
"WIPRO","EQ","27-Oct-2023","378.25","379.05","384.35","379.05","382.90","382.35","382.23","31,01,406","1,18,54,53,978.15","1,02,257","15,25,690","49.19"
"WIPRO","EQ","26-Oct-2023","381.85","378.80","380.55","375.05","378.90","378.25","377.98","54,97,791","2,07,80,44,658.85","1,55,825","26,34,066","47.91"
"WIPRO","EQ","25-Oct-2023","383.15","384.40","387.70","381.10","381.95","381.85","383.88","33,39,147","1,28,18,42,932.25","1,08,480","14,82,446","44.40"
"WIPRO","EQ","23-Oct-2023","391.85","390.85","393.00","382.20","383.00","383.15","387.22","44,18,913","1,71,10,82,132.75","1,18,406","18,98,232","42.96"
"WIPRO","EQ","20-Oct-2023","395.30","395.05","396.05","391.00","392.00","391.85","393.33","42,14,668","1,65,77,48,683.80","1,17,931","19,55,947","46.41"
"WIPRO","EQ","19-Oct-2023","407.45","391.95","396.75","390.10","395.05","395.30","394.25","1,28,14,551","5,05,21,35,324.35","2,24,639","57,45,789","44.84"
"WIPRO","EQ","18-Oct-2023","411.40","409.00","413.65","407.00","407.50","407.45","409.96","24,40,533","1,00,05,28,311.70","78,113","10,07,876","41.30"
"WIPRO","EQ","17-Oct-2023","410.20","411.70","413.85","411.05","411.10","411.40","412.20","29,89,694","1,23,23,52,075.60","70,496","14,40,508","48.18"
"WIPRO","EQ","16-Oct-2023","411.05","411.00","411.90","408.15","410.10","410.20","410.00","26,38,826","1,08,19,15,244.60","65,869","9,75,320","36.96"
"WIPRO","EQ","13-Oct-2023","417.10","411.90","414.40","409.05","411.00","411.05","410.98","54,57,027","2,24,27,39,239.25","98,723","20,36,821","37.32"
"WIPRO","EQ","12-Oct-2023","421.15","421.75","421.90","414.70","416.70","417.10","418.19","51,17,199","2,13,99,78,545.05","1,12,919","23,83,780","46.58"
"WIPRO","EQ","11-Oct-2023","407.75","409.00","423.95","409.00","421.10","421.15","419.91","95,46,114","4,00,85,12,518.50","1,26,117","34,87,937","36.54"
"WIPRO","EQ","10-Oct-2023","405.60","406.40","408.75","406.20","407.65","407.75","407.33","25,64,007","1,04,43,94,930.05","72,323","14,49,150","56.52"
"WIPRO","EQ","09-Oct-2023","407.85","404.20","411.00","403.40","404.65","405.60","407.50","30,15,225","1,22,87,09,165.50","84,648","11,79,980","39.13"
"WIPRO","EQ","06-Oct-2023","406.80","408.00","409.80","406.95","407.50","407.85","408.13","31,82,502","1,29,88,72,462.55","79,780","15,74,435","49.47"
"WIPRO","EQ","05-Oct-2023","404.90","407.95","410.40","405.00","407.00","406.80","407.32","40,62,652","1,65,48,13,474.85","98,802","12,41,920","30.57"
"WIPRO","EQ","04-Oct-2023","405.45","402.70","405.45","400.65","405.45","404.90","402.85","34,52,935","1,39,09,99,694.70","88,104","15,13,495","43.83"
"WIPRO","EQ","03-Oct-2023","406.05","406.45","408.10","403.60","405.75","405.45","405.49","28,64,052","1,16,13,51,096.15","75,683","12,52,148","43.72"
"WIPRO","EQ","29-Sep-2023","405.35","405.00","409.25","401.50","406.50","406.05","405.07","63,90,136","2,58,84,23,523.90","1,18,975","27,05,768","42.34"
"WIPRO","EQ","28-Sep-2023","415.65","416.50","416.50","404.00","407.00","405.35","408.35","84,38,058","3,44,57,01,040.70","1,37,144","42,77,747","50.70"
"WIPRO","EQ","27-Sep-2023","412.90","412.25","416.55","410.30","415.50","415.65","413.64","38,86,997","1,60,78,01,899.00","77,532","17,19,930","44.25"
"WIPRO","EQ","26-Sep-2023","414.10","416.80","416.80","411.70","413.00","412.90","413.45","32,40,283","1,33,96,85,208.75","98,745","14,59,364","45.04"
"WIPRO","EQ","25-Sep-2023","418.50","418.50","419.75","412.00","414.30","414.10","415.19","46,50,566","1,93,08,69,252.15","93,474","20,85,882","44.85"
"WIPRO","EQ","22-Sep-2023","428.95","424.40","426.75","416.60","418.50","418.50","420.35","99,09,130","4,16,53,30,761.50","1,59,688","49,09,289","49.54"
"WIPRO","EQ","21-Sep-2023","430.10","429.90","431.25","423.05","428.15","428.95","427.56","44,46,535","1,90,11,63,575.15","1,31,440","11,95,071","26.88"
"WIPRO","EQ","20-Sep-2023","436.10","434.25","436.85","429.05","430.00","430.10","432.84","45,51,350","1,96,99,92,006.40","99,754","22,87,215","50.25"
"WIPRO","EQ","18-Sep-2023","441.05","441.05","441.05","435.20","436.00","436.10","437.38","30,12,598","1,31,76,49,175.05","89,644","13,74,264","45.62"
"WIPRO","EQ","15-Sep-2023","436.45","439.80","443.75","438.25","440.50","441.05","440.99","99,17,938","4,37,36,63,863.40","1,09,608","61,85,857","62.37"
"WIPRO","EQ","14-Sep-2023","435.70","438.40","443.25","435.30","436.80","436.45","438.52","74,47,505","3,26,58,84,775.75","1,41,096","33,94,995","45.59"
"WIPRO","EQ","13-Sep-2023","435.00","434.95","437.95","431.50","435.25","435.70","435.68","37,22,835","1,62,19,65,393.95","89,889","14,65,544","39.37"
"WIPRO","EQ","12-Sep-2023","434.85","437.10","441.50","426.90","435.00","435.00","435.47","72,72,664","3,16,70,34,270.85","1,42,396","24,78,516","34.08"
"WIPRO","EQ","11-Sep-2023","430.00","433.00","437.50","430.10","434.40","434.85","434.97","41,26,657","1,79,49,77,418.90","1,04,547","20,52,819","49.75"
"WIPRO","EQ","08-Sep-2023","432.85","433.45","433.45","429.30","430.50","430.00","430.93","28,74,205","1,23,85,70,246.75","72,265","12,88,327","44.82"
"WIPRO","EQ","07-Sep-2023","429.30","429.95","433.70","426.75","433.20","432.85","431.34","46,61,325","2,01,05,97,936.20","80,116","17,32,957","37.18"
"WIPRO","EQ","06-Sep-2023","431.85","433.75","435.55","425.90","429.00","429.30","429.42","67,65,956","2,90,54,44,337.70","1,13,366","34,80,141","51.44"
"WIPRO","EQ","05-Sep-2023","434.10","435.80","437.50","430.30","431.80","431.85","433.80","89,86,713","3,89,84,72,298.20","1,19,690","43,72,757","48.66"
"WIPRO","EQ","04-Sep-2023","416.35","418.00","436.50","416.00","434.45","434.10","427.34","1,38,17,324","5,90,46,64,876.55","2,23,525","68,36,581","49.48"
"WIPRO","EQ","01-Sep-2023","408.40","407.95","417.75","407.50","416.70","416.35","413.12","42,38,065","1,75,08,23,973.65","97,133","22,07,379","52.08"
"WIPRO","EQ","31-Aug-2023","407.20","408.00","410.00","406.45","409.95","408.40","408.26","1,10,30,976","4,50,35,25,225.90","96,303","82,01,008","74.35"
"WIPRO","EQ","30-Aug-2023","408.10","410.00","410.20","406.65","406.95","407.20","408.74","20,09,091","82,12,01,454.45","60,881","10,07,672","50.16"
"WIPRO","EQ","29-Aug-2023","408.05","409.65","411.90","407.10","408.45","408.10","409.17","19,99,281","81,80,52,761.15","58,081","8,49,145","42.47"
"WIPRO","EQ","28-Aug-2023","409.70","411.45","412.45","407.65","408.00","408.05","409.23","17,00,987","69,60,97,112.55","51,292","6,67,035","39.21"
"WIPRO","EQ","25-Aug-2023","412.70","410.00","411.30","407.10","408.80","409.70","409.68","32,99,255","1,35,16,37,893.45","67,686","12,80,643","38.82"
"WIPRO","EQ","24-Aug-2023","415.25","418.75","420.00","412.00","413.10","412.70","415.93","28,88,478","1,20,13,98,589.65","64,921","12,32,290","42.66"
"WIPRO","EQ","23-Aug-2023","417.10","417.25","417.95","414.60","415.40","415.25","416.10","30,67,117","1,27,62,35,457.25","57,709","14,88,186","48.52"
"WIPRO","EQ","22-Aug-2023","414.60","415.00","418.10","412.75","417.35","417.10","415.61","31,75,120","1,31,96,06,248.30","65,506","16,80,854","52.94"
"WIPRO","EQ","21-Aug-2023","411.70","411.80","417.35","411.65","414.20","414.60","415.12","36,67,130","1,52,23,01,658.30","72,397","17,36,676","47.36"
"WIPRO","EQ","18-Aug-2023","417.55","415.05","416.35","408.00","411.50","411.70","410.93","53,01,196","2,17,84,36,296.30","1,00,194","27,72,079","52.29"
"WIPRO","EQ","17-Aug-2023","418.65","418.65","420.40","414.50","417.05","417.55","417.02","31,70,480","1,32,21,62,178.60","74,629","16,43,085","51.82"
"WIPRO","EQ","16-Aug-2023","415.15","414.15","420.20","414.00","418.00","418.65","418.54","40,65,890","1,70,17,56,027.60","76,525","18,23,623","44.85"
"WIPRO","EQ","14-Aug-2023","413.05","413.25","416.20","409.50","414.00","415.15","412.68","28,96,090","1,19,51,67,758.30","79,575","10,81,073","37.33"
"WIPRO","EQ","11-Aug-2023","418.65","418.65","422.15","412.35","413.15","413.05","415.68","37,85,734","1,57,36,64,689.65","76,499","14,61,739","38.61"
"WIPRO","EQ","10-Aug-2023","417.80","417.10","420.80","415.55","418.65","418.65","419.11","49,50,822","2,07,49,55,030.65","1,21,633","28,70,188","57.97"
"WIPRO","EQ","09-Aug-2023","416.35","415.50","418.50","412.55","417.50","417.80","415.85","46,54,694","1,93,56,48,288.30","68,131","25,57,886","54.95"
"WIPRO","EQ","08-Aug-2023","411.15","412.40","417.50","409.95","416.50","416.35","414.97","78,62,142","3,26,25,13,903.35","1,17,427","52,96,086","67.36"
"WIPRO","EQ","07-Aug-2023","408.85","409.95","413.00","408.05","411.50","411.15","410.89","44,11,433","1,81,26,16,755.30","84,874","19,36,870","43.91"
"WIPRO","EQ","04-Aug-2023","399.65","400.85","410.00","400.30","408.80","408.85","407.87","62,40,770","2,54,54,54,016.60","97,568","24,96,810","40.01"
"WIPRO","EQ","03-Aug-2023","402.80","402.00","402.00","397.05","399.90","399.65","399.05","34,10,849","1,36,11,01,830.70","80,467","16,36,046","47.97"
"WIPRO","EQ","02-Aug-2023","406.95","405.90","405.90","399.00","402.80","402.80","402.69","26,99,809","1,08,71,89,943.35","72,244","11,88,478","44.02"
"WIPRO","EQ","01-Aug-2023","405.05","405.50","408.00","404.05","406.45","406.95","405.98","35,90,902","1,45,78,32,099.50","80,168","15,80,137","44.00"
"WIPRO","EQ","31-Jul-2023","398.75","399.75","406.00","398.95","405.05","405.05","403.18","33,81,090","1,36,32,00,928.10","73,359","15,61,957","46.20"
"WIPRO","EQ","28-Jul-2023","399.95","401.05","402.85","396.55","399.10","398.75","399.17","33,80,030","1,34,92,19,640.95","72,087","16,09,098","47.61"
"WIPRO","EQ","27-Jul-2023","402.75","404.00","406.60","399.00","401.50","399.95","402.11","44,74,179","1,79,91,05,801.45","95,482","23,74,852","53.08"
"WIPRO","EQ","26-Jul-2023","400.40","403.50","403.60","401.40","402.60","402.75","402.67","26,64,831","1,07,30,54,833.75","74,079","13,81,425","51.84"
"WIPRO","EQ","25-Jul-2023","404.05","405.50","405.50","400.00","400.85","400.40","402.39","32,29,100","1,29,93,54,236.70","84,846","14,19,537","43.96"
"WIPRO","EQ","24-Jul-2023","404.70","406.30","408.00","403.50","403.80","404.05","405.73","34,04,230","1,38,12,02,063.05","75,450","14,40,758","42.32"
"WIPRO","EQ","21-Jul-2023","417.65","405.00","414.35","401.00","404.90","404.70","407.43","1,17,57,106","4,79,02,44,430.95","1,44,842","51,26,234","43.60"
"WIPRO","EQ","20-Jul-2023","417.95","418.50","420.00","414.65","417.25","417.65","416.63","41,27,855","1,71,98,01,382.90","81,392","15,15,358","36.71"
"WIPRO","EQ","19-Jul-2023","417.20","420.00","421.00","414.15","418.20","417.95","418.04","54,15,495","2,26,38,87,017.90","1,03,582","19,82,043","36.60"
"WIPRO","EQ","18-Jul-2023","415.25","418.00","420.30","412.25","417.15","417.20","416.42","88,84,513","3,69,96,53,314.15","1,34,339","25,79,255","29.03"
"WIPRO","EQ","17-Jul-2023","405.05","407.00","424.95","405.80","415.90","415.25","417.49","2,28,79,930","9,55,21,54,932.85","2,69,358","67,18,985","29.37"
"WIPRO","EQ","14-Jul-2023","394.30","394.75","405.50","392.35","404.85","405.05","400.57","1,56,83,392","6,28,22,63,780.15","2,00,736","59,22,630","37.76"
"WIPRO","EQ","13-Jul-2023","391.85","391.85","398.60","391.25","394.80","394.30","395.85","67,97,863","2,69,09,17,603.05","1,11,401","29,71,899","43.72"
"WIPRO","EQ","12-Jul-2023","392.05","393.90","393.95","390.35","391.00","391.85","392.29","34,24,110","1,34,32,55,403.30","80,961","20,45,060","59.73"
"WIPRO","EQ","11-Jul-2023","389.95","390.00","392.80","387.85","392.00","392.05","390.12","48,17,419","1,87,93,88,336.65","1,16,428","28,38,258","58.92"
"WIPRO","EQ","10-Jul-2023","395.85","395.85","395.85","389.65","390.00","389.95","391.80","28,15,200","1,10,29,82,706.90","83,757","15,35,654","54.55"
"WIPRO","EQ","07-Jul-2023","396.20","395.00","397.45","393.20","395.80","395.85","395.39","45,32,610","1,79,21,41,934.35","1,08,448","27,30,748","60.25"
"WIPRO","EQ","06-Jul-2023","393.90","394.50","396.95","393.15","395.95","396.20","395.01","45,18,621","1,78,49,14,962.65","79,742","31,07,975","68.78"
"WIPRO","EQ","05-Jul-2023","395.95","394.10","395.40","391.85","393.85","393.90","393.66","61,83,479","2,43,41,96,503.80","1,18,266","39,69,412","64.19"
"WIPRO","EQ","04-Jul-2023","391.60","393.75","397.35","393.00","396.00","395.95","394.90","63,08,617","2,49,13,01,540.00","1,17,122","32,27,764","51.16"
"WIPRO","EQ","03-Jul-2023","389.15","393.90","393.90","389.50","392.20","391.60","391.11","45,18,462","1,76,72,28,443.15","76,627","24,05,474","53.24"
"WIPRO","EQ","30-Jun-2023","381.70","385.00","389.75","383.00","389.05","389.15","387.30","45,35,405","1,75,65,73,651.10","75,164","22,58,857","49.80"
"WIPRO","EQ","28-Jun-2023","382.60","383.75","383.75","380.80","382.30","381.70","381.90","35,70,056","1,36,34,00,368.10","70,654","21,70,518","60.80"
"WIPRO","EQ","27-Jun-2023","380.90","384.25","384.25","381.50","382.40","382.60","382.79","29,40,375","1,12,55,40,220.10","40,083","20,32,247","69.12"
"WIPRO","EQ","26-Jun-2023","379.95","380.00","381.90","379.05","380.95","380.90","380.73","20,50,200","78,05,82,544.30","47,564","10,93,269","53.32"
"WIPRO","EQ","23-Jun-2023","382.30","382.30","383.00","378.10","379.95","379.95","380.52","32,35,203","1,23,10,71,258.20","68,179","15,67,592","48.45"
"WIPRO","EQ","22-Jun-2023","385.50","386.00","386.00","381.60","382.85","382.30","383.24","46,78,087","1,79,28,12,845.20","69,473","23,74,271","50.75"
"WIPRO","EQ","21-Jun-2023","382.50","384.25","387.25","383.10","386.00","385.50","385.54","44,14,632","1,70,20,38,567.85","81,348","22,29,506","50.50"
"WIPRO","EQ","20-Jun-2023","380.15","381.80","384.95","380.60","383.35","382.50","382.82","59,01,329","2,25,91,66,985.10","93,420","27,99,445","47.44"
"WIPRO","EQ","19-Jun-2023","381.30","382.00","382.00","377.10","380.20","380.15","379.58","53,14,720","2,01,73,47,500.55","91,249","22,87,162","43.03"
"WIPRO","EQ","16-Jun-2023","388.95","385.55","388.65","379.15","380.40","381.30","382.64","2,05,55,324","7,86,52,00,135.80","2,04,749","1,19,76,778","58.27"
"WIPRO","EQ","15-Jun-2023","396.45","397.10","397.45","388.25","388.80","388.95","391.44","1,43,51,160","5,61,75,91,712.45","1,65,386","97,54,029","67.97"
"WIPRO","EQ","14-Jun-2023","395.55","396.30","397.15","392.70","397.10","396.45","395.06","92,56,282","3,65,67,77,068.15","1,07,916","67,36,479","72.78"
"WIPRO","EQ","13-Jun-2023","395.60","397.95","398.50","394.50","395.25","395.55","395.73","65,08,093","2,57,54,39,247.45","91,010","45,03,357","69.20"
"WIPRO","EQ","12-Jun-2023","397.30","399.80","399.80","394.60","395.65","395.60","397.06","59,86,811","2,37,71,35,110.15","95,232","40,07,067","66.93"
"WIPRO","EQ","09-Jun-2023","399.55","399.45","400.35","396.05","397.25","397.30","397.52","60,09,116","2,38,87,60,106.00","1,01,103","38,34,827","63.82"
"WIPRO","EQ","08-Jun-2023","402.80","404.10","404.75","398.75","399.95","399.55","400.27","53,07,526","2,12,44,32,474.40","83,358","30,98,880","58.39"
"WIPRO","EQ","07-Jun-2023","399.95","402.40","403.60","401.00","403.60","402.80","402.52","41,07,930","1,65,35,24,386.75","64,560","24,69,686","60.12"
"WIPRO","EQ","06-Jun-2023","404.20","403.35","403.35","395.55","400.00","399.95","398.98","68,53,700","2,73,44,92,969.80","86,185","37,66,209","54.95"
"WIPRO","EQ","05-Jun-2023","404.95","408.90","409.75","403.70","404.55","404.20","405.51","36,26,430","1,47,05,54,210.75","65,499","18,93,147","52.20"
"WIPRO","EQ","02-Jun-2023","407.15","408.70","409.80","404.00","405.35","404.95","406.53","31,60,377","1,28,47,73,695.60","67,783","15,03,342","47.57"
"WIPRO","EQ","01-Jun-2023","403.65","405.00","408.00","404.05","407.40","407.15","406.86","35,32,742","1,43,73,20,552.70","59,327","15,83,191","44.81"
"WIPRO","EQ","31-May-2023","402.50","401.75","404.80","400.50","403.90","403.65","403.43","58,91,791","2,37,69,34,523.20","61,934","35,84,932","60.85"
"WIPRO","EQ","30-May-2023","399.80","400.00","403.85","399.45","403.00","402.50","402.23","36,89,486","1,48,40,10,896.85","76,385","17,80,084","48.25"
"WIPRO","EQ","29-May-2023","401.70","404.00","406.00","399.35","400.00","399.80","401.85","39,79,654","1,59,92,37,603.15","82,196","18,79,889","47.24"
"WIPRO","EQ","26-May-2023","394.10","395.15","402.55","395.00","401.05","401.70","399.88","39,63,090","1,58,47,53,034.70","65,343","19,50,326","49.21"
"WIPRO","EQ","25-May-2023","399.70","399.00","399.00","392.65","395.00","394.10","395.45","68,02,527","2,69,00,75,398.45","79,994","33,70,167","49.54"
"WIPRO","EQ","24-May-2023","397.65","394.50","400.45","393.35","399.50","399.70","398.36","41,28,487","1,64,46,42,807.90","56,094","17,91,296","43.39"
"WIPRO","EQ","23-May-2023","395.75","397.00","402.10","396.05","397.20","397.65","399.30","63,62,817","2,54,06,97,150.80","1,05,221","31,56,305","49.61"
"WIPRO","EQ","22-May-2023","386.20","386.50","396.60","385.40","396.00","395.75","392.60","60,98,695","2,39,43,46,544.80","94,635","28,34,550","46.48"
"WIPRO","EQ","19-May-2023","382.60","384.80","388.20","383.50","385.90","386.20","386.09","36,40,791","1,40,56,89,204.00","54,093","18,77,867","51.58"
"WIPRO","EQ","18-May-2023","382.30","385.20","385.35","382.25","382.70","382.60","383.53","21,18,508","81,25,17,380.75","45,499","7,39,535","34.91"
"WIPRO","EQ","17-May-2023","386.95","386.20","387.35","381.35","382.80","382.30","382.94","26,88,051","1,02,93,61,991.90","58,987","13,09,299","48.71"
"WIPRO","EQ","16-May-2023","385.75","387.50","388.80","386.50","387.00","386.95","387.40","20,29,676","78,62,96,666.20","41,768","10,45,756","51.52"
"WIPRO","EQ","15-May-2023","383.25","383.25","387.00","382.50","386.35","385.75","385.76","25,44,847","98,17,05,052.50","61,207","15,15,022","59.53"
"WIPRO","EQ","12-May-2023","384.65","384.60","385.25","381.55","383.60","383.25","383.49","22,90,179","87,82,53,996.50","55,667","12,23,073","53.41"
"WIPRO","EQ","11-May-2023","383.75","385.70","386.85","383.10","384.65","384.65","385.07","20,24,982","77,97,61,291.25","46,214","9,89,671","48.87"
"WIPRO","EQ","10-May-2023","382.30","384.00","384.55","382.00","383.75","383.75","383.13","18,35,201","70,31,13,535.45","49,858","10,55,587","57.52"
"WIPRO","EQ","09-May-2023","380.35","382.50","383.45","380.05","382.70","382.30","381.89","28,58,349","1,09,15,82,584.40","55,743","17,04,873","59.65"
"WIPRO","EQ","08-May-2023","379.40","381.00","383.00","379.60","380.85","380.35","380.46","48,06,772","1,82,87,91,929.70","61,437","33,04,478","68.75"
"WIPRO","EQ","05-May-2023","383.70","382.75","384.40","379.00","379.75","379.40","380.81","39,51,097","1,50,46,24,092.95","64,467","23,27,230","58.90"
"WIPRO","EQ","04-May-2023","385.10","384.75","386.15","383.05","383.50","383.70","384.52","31,26,679","1,20,22,75,533.95","47,532","17,45,324","55.82"
"WIPRO","EQ","03-May-2023","388.35","388.35","388.35","382.05","385.25","385.10","385.90","24,14,244","93,16,57,707.75","54,223","11,36,720","47.08"
"WIPRO","EQ","02-May-2023","385.00","389.00","392.15","387.45","388.00","388.35","389.72","48,73,304","1,89,92,23,034.55","85,912","21,75,373","44.64"
"WIPRO","EQ","28-Apr-2023","374.40","380.00","388.00","380.00","384.70","385.00","384.85","1,38,54,703","5,33,20,40,081.90","1,60,651","44,99,196","32.47"
"WIPRO","EQ","27-Apr-2023","374.55","376.40","376.60","372.05","374.90","374.40","374.45","42,45,850","1,58,98,65,240.50","66,675","17,67,682","41.63"
"WIPRO","EQ","26-Apr-2023","375.65","377.65","377.65","373.40","375.20","374.55","375.24","35,04,073","1,31,48,67,358.40","74,453","18,72,580","53.44"
"WIPRO","EQ","25-Apr-2023","377.95","378.20","378.90","374.10","376.00","375.65","375.80","37,64,276","1,41,46,02,598.95","81,761","15,61,012","41.47"
"WIPRO","EQ","24-Apr-2023","368.05","375.00","378.60","370.55","377.95","377.95","374.65","88,89,522","3,33,04,99,691.55","1,30,030","32,32,894","36.37"
"WIPRO","EQ","21-Apr-2023","362.85","364.10","368.70","363.65","368.00","368.05","366.26","26,49,994","97,05,94,984.75","46,955","9,92,715","37.46"
"WIPRO","EQ","20-Apr-2023","360.80","360.50","363.70","359.00","362.95","362.85","362.18","22,11,633","80,10,15,119.20","40,734","8,48,254","38.35"
"WIPRO","EQ","19-Apr-2023","367.90","367.90","367.90","360.40","361.25","360.80","362.96","37,37,972","1,35,67,33,969.85","62,106","17,32,981","46.36"
"WIPRO","EQ","18-Apr-2023","361.35","363.45","368.90","359.25","366.95","367.90","363.69","40,12,449","1,45,92,91,984.65","60,521","14,85,493","37.02"
"WIPRO","EQ","17-Apr-2023","368.30","359.95","361.95","352.00","361.70","361.35","358.22","68,01,645","2,43,64,86,356.10","1,21,997","22,26,128","32.73"
"WIPRO","EQ","13-Apr-2023","372.15","369.90","369.90","366.00","367.25","368.30","367.77","33,62,317","1,23,65,63,743.80","67,230","14,80,019","44.02"
"WIPRO","EQ","12-Apr-2023","370.25","370.60","373.45","369.35","372.50","372.15","371.96","27,89,105","1,03,74,38,595.10","45,203","14,68,225","52.64"
"WIPRO","EQ","11-Apr-2023","373.30","373.50","374.85","368.60","370.50","370.25","371.23","33,92,177","1,25,92,76,051.30","60,412","16,25,350","47.91"
"WIPRO","EQ","10-Apr-2023","366.65","368.00","374.40","367.60","374.10","373.30","370.69","28,12,470","1,04,25,55,068.55","50,644","11,39,502","40.52"
"WIPRO","EQ","06-Apr-2023","369.75","369.00","370.45","365.85","367.60","366.65","367.66","32,14,807","1,18,19,67,761.85","55,302","19,93,876","62.02"
"WIPRO","EQ","05-Apr-2023","367.95","369.70","371.90","367.20","369.80","369.75","369.97","32,21,555","1,19,18,76,937.60","71,044","15,96,471","49.56"
"WIPRO","EQ","03-Apr-2023","365.25","367.95","368.40","365.15","368.20","367.95","367.06","20,26,750","74,39,40,439.20","41,045","8,99,011","44.36"
"WIPRO","EQ","31-Mar-2023","359.05","363.35","365.75","361.30","365.15","365.25","363.87","39,57,106","1,43,98,66,419.25","80,263","21,68,963","54.81"
"WIPRO","EQ","29-Mar-2023","356.20","358.00","360.75","355.00","359.55","359.05","357.32","44,11,920","1,57,64,75,837.95","80,284","22,15,841","50.22"
"WIPRO","EQ","28-Mar-2023","361.25","363.00","364.05","355.40","356.45","356.20","359.09","39,06,548","1,40,28,02,078.95","87,065","21,88,002","56.01"
"WIPRO","EQ","27-Mar-2023","361.75","361.75","364.00","359.20","361.85","361.25","362.18","31,13,857","1,12,77,64,447.65","76,735","14,94,993","48.01"
"WIPRO","EQ","24-Mar-2023","361.50","363.35","366.85","361.00","361.25","361.75","363.05","39,53,348","1,43,52,66,060.25","63,616","15,45,089","39.08"
"WIPRO","EQ","23-Mar-2023","366.40","364.90","364.90","360.35","361.95","361.50","362.53","47,42,596","1,71,93,18,460.55","85,194","22,48,066","47.40"
"WIPRO","EQ","22-Mar-2023","366.40","367.85","370.00","365.85","366.80","366.40","367.34","26,87,423","98,71,91,547.95","51,397","10,22,621","38.05"
"WIPRO","EQ","21-Mar-2023","367.15","369.00","370.25","365.45","366.85","366.40","367.16","36,05,576","1,32,38,39,929.60","79,289","16,93,068","46.96"
"WIPRO","EQ","20-Mar-2023","376.50","375.00","375.95","365.15","368.35","367.15","368.88","40,92,377","1,50,95,96,298.65","1,36,105","20,26,275","49.51"
"WIPRO","EQ","17-Mar-2023","372.85","377.20","378.35","373.85","376.85","376.50","376.09","45,22,141","1,70,07,15,973.70","61,933","23,56,177","52.10"
"WIPRO","EQ","16-Mar-2023","375.75","375.35","376.70","370.00","373.80","372.85","373.04","38,43,310","1,43,37,19,430.75","97,120","15,26,383","39.72"
"WIPRO","EQ","15-Mar-2023","379.45","383.70","383.70","374.90","376.15","375.75","378.15","38,43,963","1,45,35,76,358.80","1,15,802","21,64,685","56.31"
"WIPRO","EQ","14-Mar-2023","385.45","386.55","387.15","377.35","380.00","379.45","380.76","40,47,426","1,54,10,79,717.20","86,623","21,18,746","52.35"
"WIPRO","EQ","13-Mar-2023","389.10","389.00","392.60","383.75","386.25","385.45","387.36","29,91,260","1,15,86,97,667.20","65,594","13,12,651","43.88"
"WIPRO","EQ","10-Mar-2023","390.10","387.90","389.90","386.60","389.90","390.10","388.45","22,83,698","88,71,13,392.40","52,373","11,29,731","49.47"
"WIPRO","EQ","09-Mar-2023","392.60","392.80","393.85","389.60","390.30","390.10","391.27","20,78,527","81,32,57,570.20","49,228","10,75,349","51.74"
"WIPRO","EQ","08-Mar-2023","393.75","391.65","393.00","388.85","392.55","392.60","391.48","24,54,421","96,08,64,458.15","54,654","12,08,905","49.25"
"WIPRO","EQ","06-Mar-2023","390.45","392.45","396.65","392.10","393.30","393.75","394.90","33,63,861","1,32,83,99,751.75","49,290","16,58,154","49.29"
"WIPRO","EQ","03-Mar-2023","388.05","390.60","391.45","389.10","390.50","390.45","390.42","21,96,968","85,77,30,782.30","46,017","11,52,072","52.44"
"WIPRO","EQ","02-Mar-2023","390.95","388.70","390.35","387.30","388.00","388.05","388.48","22,19,486","86,22,27,724.55","51,060","11,10,211","50.02"
"WIPRO","EQ","01-Mar-2023","387.05","388.10","391.75","387.30","391.60","390.95","389.97","22,71,306","88,57,35,291.55","51,483","11,13,037","49.00"
"WIPRO","EQ","28-Feb-2023","390.35","391.85","393.20","385.70","387.30","387.05","388.27","50,30,801","1,95,32,91,563.15","84,329","29,46,664","58.57"
"WIPRO","EQ","27-Feb-2023","393.30","392.75","393.30","385.45","390.90","390.35","388.41","27,77,355","1,07,87,41,985.75","60,867","10,64,879","38.34"
"WIPRO","EQ","24-Feb-2023","393.95","395.95","396.50","392.55","394.00","393.30","394.45","25,53,317","1,00,71,53,250.45","49,402","13,39,910","52.48"
"WIPRO","EQ","23-Feb-2023","395.15","395.80","398.70","393.40","395.00","393.95","395.59","30,39,161","1,20,22,71,830.75","61,973","15,20,430","50.03"
"WIPRO","EQ","22-Feb-2023","402.75","399.50","400.35","394.45","394.50","395.15","396.75","34,41,686","1,36,54,83,106.40","90,378","18,45,291","53.62"
"WIPRO","EQ","21-Feb-2023","407.05","407.40","408.00","402.10","402.65","402.75","404.02","28,80,586","1,16,38,24,387.50","75,015","15,43,529","53.58"
"WIPRO","EQ","20-Feb-2023","406.30","405.30","407.80","402.20","407.00","407.05","405.94","32,48,594","1,31,87,49,737.35","52,559","11,49,844","35.40"
"WIPRO","EQ","17-Feb-2023","409.90","406.85","408.00","404.00","405.90","406.30","405.54","28,08,122","1,13,87,94,386.70","48,626","12,42,077","44.23"
"WIPRO","EQ","16-Feb-2023","407.40","408.80","413.25","408.55","409.00","409.90","411.04","55,94,681","2,29,96,11,268.70","1,08,077","28,80,288","51.48"
"WIPRO","EQ","15-Feb-2023","405.10","402.70","407.85","400.35","407.00","407.40","404.91","26,13,836","1,05,83,58,799.90","53,825","11,25,041","43.04"
"WIPRO","EQ","14-Feb-2023","400.60","403.00","406.45","401.50","405.20","405.10","404.93","23,19,411","93,91,96,277.60","50,277","10,91,452","47.06"
"WIPRO","EQ","13-Feb-2023","405.80","405.65","405.65","399.20","400.65","400.60","401.36","24,12,678","96,83,57,629.25","47,729","9,80,599","40.64"
"WIPRO","EQ","10-Feb-2023","408.30","407.00","407.00","402.80","405.25","405.80","405.24","25,80,070","1,04,55,48,071.50","58,591","13,00,909","50.42"
"WIPRO","EQ","09-Feb-2023","406.75","406.75","408.95","403.55","407.70","408.30","406.64","26,38,687","1,07,29,97,130.15","47,612","12,81,782","48.58"
"WIPRO","EQ","08-Feb-2023","400.50","401.00","407.60","401.00","407.50","406.75","405.52","41,50,488","1,68,31,15,908.55","65,874","23,52,803","56.69"
"WIPRO","EQ","07-Feb-2023","404.65","405.50","405.50","399.05","400.60","400.50","400.80","33,41,790","1,33,93,99,605.20","65,776","18,86,831","56.46"
"WIPRO","EQ","06-Feb-2023","407.90","405.40","406.20","401.60","405.00","404.65","403.87","29,79,011","1,20,31,26,501.65","67,838","14,84,603","49.84"
"WIPRO","EQ","03-Feb-2023","409.45","412.55","413.00","406.15","407.20","407.90","408.69","44,25,118","1,80,85,13,165.15","96,647","18,20,267","41.13"
"WIPRO","EQ","02-Feb-2023","402.40","402.40","410.00","402.40","409.95","409.45","406.85","54,17,730","2,20,41,88,071.10","96,633","30,44,275","56.19"
"WIPRO","EQ","01-Feb-2023","398.85","401.50","403.90","398.35","402.00","402.40","401.44","35,14,948","1,41,10,38,151.95","80,393","16,69,463","47.50"
"WIPRO","EQ","31-Jan-2023","402.25","402.30","402.55","397.70","398.75","398.85","399.65","47,83,423","1,91,16,98,113.55","95,774","29,59,054","61.86"
"WIPRO","EQ","30-Jan-2023","398.05","398.05","404.80","395.05","402.50","402.25","401.17","36,30,628","1,45,65,11,572.55","80,437","17,50,486","48.21"
"WIPRO","EQ","27-Jan-2023","401.55","401.55","403.60","394.20","399.00","398.05","398.73","37,05,067","1,47,73,11,284.80","96,233","15,71,959","42.43"
"WIPRO","EQ","25-Jan-2023","406.60","405.00","405.90","400.00","401.40","401.55","402.13","31,77,777","1,27,78,93,745.60","78,480","15,81,247","49.76"
"WIPRO","EQ","24-Jan-2023","407.00","408.40","410.20","405.15","406.35","406.60","407.21","47,76,320","1,94,49,79,940.00","89,359","19,65,379","41.15"
"WIPRO","EQ","23-Jan-2023","403.15","405.20","407.75","402.50","406.35","407.00","405.38","44,07,645","1,78,67,71,218.50","84,229","24,52,903","55.65"
"WIPRO","EQ","20-Jan-2023","403.40","403.55","405.40","401.30","403.00","403.15","403.32","46,32,807","1,86,84,85,117.60","69,849","25,03,996","54.05"
"WIPRO","EQ","19-Jan-2023","403.20","402.10","404.00","398.75","403.00","403.40","402.10","47,23,728","1,89,93,91,737.50","61,290","20,70,941","43.84"
"WIPRO","EQ","18-Jan-2023","396.35","398.50","403.85","398.00","403.45","403.20","401.96","80,40,213","3,23,18,15,602.25","1,69,128","42,76,882","53.19"
"WIPRO","EQ","17-Jan-2023","398.60","400.05","402.05","393.75","396.20","396.35","397.35","71,55,016","2,84,30,66,822.80","1,10,657","36,23,902","50.65"
"WIPRO","EQ","16-Jan-2023","393.90","390.00","401.00","389.00","398.95","398.60","397.59","1,19,33,722","4,74,47,71,991.40","1,67,139","39,87,251","33.41"
"WIPRO","EQ","13-Jan-2023","394.50","396.00","396.60","386.50","395.50","393.90","392.45","68,10,930","2,67,29,39,296.00","1,06,454","19,59,629","28.77"
"WIPRO","EQ","12-Jan-2023","393.85","395.75","397.90","390.50","394.90","394.50","393.84","47,55,250","1,87,27,94,689.80","82,363","19,58,240","41.18"
"WIPRO","EQ","11-Jan-2023","393.05","393.00","396.00","391.50","393.75","393.85","394.19","38,28,300","1,50,90,76,895.05","74,321","16,55,300","43.24"
"WIPRO","EQ","10-Jan-2023","391.80","392.00","393.90","387.35","392.95","393.05","390.93","39,39,748","1,54,01,66,720.30","72,001","16,57,821","42.08"
"WIPRO","EQ","09-Jan-2023","382.00","386.00","393.00","385.10","391.95","391.80","390.09","36,73,716","1,43,30,63,610.45","79,793","14,47,373","39.40"
"WIPRO","EQ","06-Jan-2023","386.90","387.00","388.80","381.40","382.50","382.00","383.86","42,42,377","1,62,84,63,953.90","91,273","19,37,553","45.67"
"WIPRO","EQ","05-Jan-2023","389.70","390.00","392.20","383.75","387.10","386.90","387.05","47,84,490","1,85,18,44,196.60","1,05,121","24,89,587","52.03"
"WIPRO","EQ","04-Jan-2023","397.05","397.50","397.50","388.60","389.40","389.70","391.46","44,63,261","1,74,71,78,084.90","1,28,270","22,90,971","51.33"
"WIPRO","EQ","03-Jan-2023","393.05","393.05","397.75","391.70","397.20","397.05","395.14","29,97,211","1,18,43,21,350.90","49,960","11,97,281","39.95"
"WIPRO","EQ","02-Jan-2023","392.75","393.00","393.90","390.50","393.10","393.05","392.31","27,79,756","1,09,05,31,972.55","61,896","10,35,076","37.24"
"WIPRO","EQ","30-Dec-2022","390.75","393.00","396.30","391.55","392.75","392.75","393.92","41,28,278","1,62,62,08,140.20","70,935","16,66,816","40.38"
"WIPRO","EQ","29-Dec-2022","387.80","386.25","392.10","384.80","391.00","390.75","388.54","47,42,699","1,84,27,39,110.10","80,438","20,88,337","44.03"
"WIPRO","EQ","28-Dec-2022","386.60","385.00","389.55","383.25","387.75","387.80","387.16","38,38,001","1,48,59,12,242.20","78,572","16,17,319","42.14"
"WIPRO","EQ","27-Dec-2022","380.50","382.50","387.35","380.25","387.05","386.60","384.31","38,42,920","1,47,68,61,932.20","60,580","14,14,286","36.80"
"WIPRO","EQ","26-Dec-2022","377.65","378.00","381.60","376.30","380.20","380.50","380.03","36,30,574","1,37,97,39,622.75","90,962","15,73,688","43.35"
"WIPRO","EQ","23-Dec-2022","388.75","384.00","385.85","377.00","378.15","377.65","380.85","60,60,355","2,30,80,90,374.10","1,77,514","29,45,088","48.60"
"WIPRO","EQ","22-Dec-2022","389.50","390.10","391.95","386.00","388.30","388.75","388.60","45,46,900","1,76,69,29,109.00","1,10,463","21,87,343","48.11"
"WIPRO","EQ","21-Dec-2022","388.95","390.90","393.25","387.85","389.10","389.50","390.18","51,07,607","1,99,29,11,389.45","85,256","25,33,216","49.60"
"WIPRO","EQ","20-Dec-2022","389.05","388.80","389.90","383.00","389.90","388.95","386.27","43,89,279","1,69,54,64,556.25","89,800","16,20,868","36.93"
"WIPRO","EQ","19-Dec-2022","389.75","388.45","390.50","385.70","389.80","389.05","388.03","44,19,023","1,71,47,12,801.05","1,10,160","20,05,610","45.39"
"WIPRO","EQ","16-Dec-2022","395.20","391.40","394.80","388.05","389.60","389.75","390.99","90,06,317","3,52,14,04,577.10","1,26,133","55,95,056","62.12"
"WIPRO","EQ","15-Dec-2022","400.05","399.75","399.75","394.05","395.10","395.20","396.40","38,83,463","1,53,94,15,084.55","92,350","18,86,755","48.58"
"WIPRO","EQ","14-Dec-2022","397.75","400.80","404.50","399.25","399.85","400.05","401.09","49,97,576","2,00,44,59,649.10","1,11,856","23,34,156","46.71"
"WIPRO","EQ","13-Dec-2022","396.35","398.35","399.35","396.00","397.80","397.75","397.59","34,06,921","1,35,45,50,159.55","85,234","13,83,421","40.61"
"WIPRO","EQ","12-Dec-2022","394.05","392.90","397.50","388.00","397.15","396.35","393.75","51,82,940","2,04,07,88,227.65","95,466","18,70,306","36.09"
"WIPRO","EQ","09-Dec-2022","403.70","406.00","406.00","391.25","394.15","394.05","396.79","77,11,668","3,05,99,40,721.95","1,49,629","34,95,403","45.33"
"WIPRO","EQ","08-Dec-2022","406.30","407.25","408.00","403.30","403.85","403.70","404.86","44,70,356","1,80,98,49,282.65","84,256","23,45,760","52.47"
"WIPRO","EQ","07-Dec-2022","411.35","409.00","409.50","405.30","405.50","406.30","407.32","32,84,308","1,33,77,73,358.10","61,246","15,70,879","47.83"
"WIPRO","EQ","06-Dec-2022","412.35","410.50","412.60","407.80","410.95","411.35","410.32","44,16,259","1,81,20,88,897.75","57,128","21,64,937","49.02"
"WIPRO","EQ","05-Dec-2022","412.40","413.25","414.95","410.65","413.00","412.35","412.52","49,73,531","2,05,16,83,675.20","80,809","26,60,924","53.50"
"WIPRO","EQ","02-Dec-2022","413.70","413.80","413.90","409.05","412.35","412.40","411.32","58,63,311","2,41,17,01,564.55","1,09,096","32,59,729","55.60"
"WIPRO","EQ","01-Dec-2022","406.90","412.85","416.35","411.65","413.75","413.70","413.79","79,26,492","3,27,98,94,348.95","1,09,646","29,54,464","37.27"
"WIPRO","EQ","30-Nov-2022","405.15","406.90","408.00","402.65","407.70","406.90","405.54","69,46,173","2,81,69,45,938.95","75,231","41,28,358","59.43"
"WIPRO","EQ","29-Nov-2022","405.65","403.00","408.90","402.90","404.00","405.15","406.45","45,51,301","1,84,98,70,462.05","69,243","19,28,925","42.38"
"WIPRO","EQ","28-Nov-2022","402.80","402.80","409.45","402.00","404.45","405.65","406.49","68,39,600","2,78,02,12,755.30","1,03,174","33,74,469","49.34"
"WIPRO","EQ","25-Nov-2022","398.25","399.00","404.40","395.90","402.20","402.80","400.12","68,24,275","2,73,05,46,655.85","1,00,995","30,39,285","44.54"
"WIPRO","EQ","24-Nov-2022","388.75","389.90","399.75","389.15","398.10","398.25","394.35","66,85,133","2,63,62,90,699.40","88,865","35,17,341","52.61"
"WIPRO","EQ","23-Nov-2022","388.80","390.75","391.95","388.00","388.15","388.75","389.75","33,58,880","1,30,91,07,534.50","82,644","16,53,428","49.23"
"WIPRO","EQ","22-Nov-2022","388.65","389.00","389.40","384.50","389.00","388.80","387.75","42,05,414","1,63,06,51,545.50","75,486","24,96,470","59.36"
"WIPRO","EQ","21-Nov-2022","393.85","393.85","394.45","387.60","388.00","388.65","389.86","39,52,306","1,54,08,41,462.45","68,819","18,19,807","46.04"
"WIPRO","EQ","18-Nov-2022","396.75","397.85","398.90","392.80","394.90","393.85","394.35","47,73,101","1,88,22,49,297.85","69,060","24,73,601","51.82"
"WIPRO","EQ","17-Nov-2022","398.25","397.90","398.00","395.00","397.30","396.75","396.67","30,28,808","1,20,14,26,001.55","72,064","12,86,196","42.47"
"WIPRO","EQ","16-Nov-2022","397.15","399.00","401.70","396.20","398.20","398.25","399.15","55,19,764","2,20,32,34,514.95","85,156","21,14,314","38.30"
"WIPRO","EQ","15-Nov-2022","396.55","398.05","399.55","394.00","397.90","397.15","395.88","62,31,356","2,46,68,39,775.35","91,448","31,21,304","50.09"
"WIPRO","EQ","14-Nov-2022","399.70","402.65","402.65","395.55","396.50","396.55","397.97","88,11,714","3,50,68,16,613.65","99,964","47,62,183","54.04"
"WIPRO","EQ","11-Nov-2022","388.90","398.50","405.85","397.25","400.10","399.70","401.28","1,42,08,523","5,70,16,16,539.90","2,28,063","57,85,072","40.72"
"WIPRO","EQ","10-Nov-2022","390.95","388.80","391.10","387.00","389.50","388.90","388.90","27,47,454","1,06,84,92,207.65","63,913","10,99,199","40.01"
"WIPRO","EQ","09-Nov-2022","391.50","394.05","394.40","389.15","391.00","390.95","391.66","34,31,273","1,34,38,87,465.60","73,063","15,51,433","45.21"
"WIPRO","EQ","07-Nov-2022","390.55","393.00","394.85","387.60","391.75","391.50","390.50","41,26,299","1,61,13,31,137.60","89,698","17,12,352","41.50"
"WIPRO","EQ","04-Nov-2022","388.50","388.50","392.40","385.65","391.30","390.55","388.03","45,11,815","1,75,07,03,376.05","77,721","18,29,303","40.54"
"WIPRO","EQ","03-Nov-2022","393.95","389.75","393.75","385.55","389.05","388.50","389.29","51,56,238","2,00,72,95,444.15","87,395","12,99,086","25.19"
"WIPRO","EQ","02-Nov-2022","392.40","392.85","394.85","390.65","393.70","393.95","393.30","33,58,307","1,32,08,28,013.50","56,305","13,66,765","40.70"
"WIPRO","EQ","01-Nov-2022","386.55","388.00","393.00","386.60","392.85","392.40","390.44","57,70,098","2,25,28,49,002.75","90,916","28,79,330","49.90"
"WIPRO","EQ","31-Oct-2022","383.25","386.55","388.40","384.75","386.45","386.55","386.42","33,19,191","1,28,26,02,441.90","69,486","15,69,668","47.29"
"WIPRO","EQ","28-Oct-2022","382.65","382.80","385.85","382.00","383.70","383.25","383.97","38,04,838","1,46,09,44,201.20","70,469","17,43,592","45.83"
"WIPRO","EQ","27-Oct-2022","384.65","386.00","386.95","381.10","383.50","382.65","383.76","58,61,559","2,24,94,49,761.65","1,04,443","36,47,295","62.22"
"WIPRO","EQ","25-Oct-2022","384.70","386.45","386.45","383.65","384.50","384.65","384.80","28,91,628","1,11,27,02,319.45","64,646","14,46,660","50.03"
"WIPRO","EQ","24-Oct-2022","382.55","386.40","386.40","384.00","384.50","384.70","385.03","17,36,235","66,85,00,453.00","64,653","11,37,681","65.53"
"WIPRO","EQ","21-Oct-2022","381.50","382.50","383.30","380.20","382.70","382.55","382.06","44,65,770","1,70,61,87,005.05","68,431","24,16,117","54.10"
"WIPRO","EQ","20-Oct-2022","378.05","377.00","382.60","376.00","381.40","381.50","380.74","59,34,407","2,25,94,89,061.15","96,112","26,84,614","45.24"
"WIPRO","EQ","19-Oct-2022","379.30","381.20","381.20","377.05","378.40","378.05","378.88","50,99,139","1,93,19,48,892.60","95,814","22,22,146","43.58"
"WIPRO","EQ","18-Oct-2022","375.10","383.70","384.25","378.40","379.40","379.30","380.41","1,11,64,240","4,24,69,77,419.95","1,62,138","55,32,754","49.56"
"WIPRO","EQ","17-Oct-2022","377.30","377.30","378.95","372.40","375.90","375.10","375.44","84,54,769","3,17,42,48,752.15","1,50,604","32,75,719","38.74"
"WIPRO","EQ","14-Oct-2022","379.10","387.00","387.50","376.25","377.80","377.30","381.36","1,39,32,397","5,31,33,07,129.70","2,30,005","44,65,571","32.05"
"WIPRO","EQ","13-Oct-2022","407.95","387.00","392.35","378.10","379.60","379.10","382.87","4,24,48,106","16,25,22,22,825.15","6,18,958","1,85,92,824","43.80"
"WIPRO","EQ","12-Oct-2022","404.40","404.25","409.60","401.60","408.55","407.95","406.21","63,05,059","2,56,11,49,880.70","87,449","13,20,130","20.94"
"WIPRO","EQ","11-Oct-2022","411.30","414.90","417.90","402.30","403.00","404.40","410.92","1,13,61,646","4,66,87,41,616.75","1,82,559","32,52,451","28.63"
"WIPRO","EQ","10-Oct-2022","408.10","400.30","413.50","399.75","412.90","411.30","406.79","93,57,463","3,80,65,35,748.15","1,34,498","53,92,290","57.63"
"WIPRO","EQ","07-Oct-2022","410.15","409.80","411.75","406.25","407.45","408.10","408.40","37,90,093","1,54,78,67,182.30","66,547","16,37,570","43.21"
"WIPRO","EQ","06-Oct-2022","405.50","409.35","413.00","407.45","409.50","410.15","410.00","56,01,939","2,29,68,10,585.45","98,941","27,60,890","49.28"
"WIPRO","EQ","04-Oct-2022","394.50","399.95","406.00","399.00","405.60","405.50","403.78","62,95,848","2,54,21,59,660.75","99,985","27,70,334","44.00"
"WIPRO","EQ","03-Oct-2022","394.25","393.90","398.00","390.60","394.20","394.50","394.88","40,70,417","1,60,73,09,063.90","79,775","13,43,825","33.01"
"WIPRO","EQ","30-Sep-2022","392.80","392.45","396.70","387.50","394.70","394.25","392.17","67,85,265","2,66,09,87,240.70","1,13,119","27,13,671","39.99"
"WIPRO","EQ","29-Sep-2022","398.05","401.00","401.90","391.55","393.40","392.80","395.28","59,41,534","2,34,85,64,667.40","1,21,871","26,61,492","44.79"
"WIPRO","EQ","28-Sep-2022","398.40","396.00","400.50","395.35","397.80","398.05","398.67","44,60,795","1,77,83,72,302.15","94,696","17,92,469","40.18"
"WIPRO","EQ","27-Sep-2022","394.80","396.80","401.40","392.00","399.40","398.40","397.70","62,27,347","2,47,65,95,960.85","1,24,570","23,47,654","37.70"
"WIPRO","EQ","26-Sep-2022","394.35","392.00","399.20","384.60","395.65","394.80","391.71","94,97,072","3,72,00,99,020.00","1,73,332","29,80,424","31.38"
"WIPRO","EQ","23-Sep-2022","397.95","398.10","399.40","393.65","394.20","394.35","396.48","69,83,355","2,76,87,59,235.35","1,51,247","26,61,694","38.11"
"WIPRO","EQ","22-Sep-2022","400.75","398.00","400.35","395.00","398.30","397.95","397.80","82,50,162","3,28,19,05,088.90","1,54,355","35,55,914","43.10"
"WIPRO","EQ","21-Sep-2022","404.90","405.90","405.90","399.50","401.55","400.75","401.55","96,45,056","3,87,29,41,317.45","1,16,123","62,57,376","64.88"
"WIPRO","EQ","20-Sep-2022","401.95","406.00","409.40","404.45","405.00","404.90","406.63","44,94,911","1,82,77,56,727.10","83,880","21,11,306","46.97"
"WIPRO","EQ","19-Sep-2022","401.65","405.00","406.20","397.00","402.50","401.95","402.65","67,92,094","2,73,48,03,181.95","1,27,177","26,42,937","38.91"
"WIPRO","EQ","16-Sep-2022","415.05","412.75","412.75","400.20","402.00","401.65","404.77","1,00,96,243","4,08,66,79,079.75","1,86,804","58,85,023","58.29"
"WIPRO","EQ","15-Sep-2022","416.30","419.70","420.90","413.25","414.90","415.05","415.56","53,20,157","2,21,08,46,632.05","96,741","24,16,585","45.42"
"WIPRO","EQ","14-Sep-2022","422.65","409.00","422.70","409.00","417.00","416.30","415.67","87,91,982","3,65,45,35,072.10","1,17,185","28,92,240","32.90"
"WIPRO","EQ","13-Sep-2022","422.00","424.90","426.00","421.50","422.70","422.65","423.71","47,04,167","1,99,32,03,228.65","78,828","23,97,104","50.96"
"WIPRO","EQ","12-Sep-2022","417.15","419.85","424.40","418.05","421.75","422.00","422.56","58,39,212","2,46,74,29,329.85","91,649","24,41,923","41.82"
"WIPRO","EQ","09-Sep-2022","412.80","417.00","419.45","411.35","416.90","417.15","415.78","73,35,671","3,05,00,08,720.95","1,04,119","32,44,450","44.23"
"WIPRO","EQ","08-Sep-2022","407.45","410.00","414.35","409.60","412.20","412.80","412.33","70,32,474","2,89,96,73,444.85","88,883","35,20,332","50.06"
"WIPRO","EQ","07-Sep-2022","404.45","402.10","408.85","401.00","407.75","407.45","404.83","61,24,266","2,47,92,63,551.05","92,656","20,92,165","34.16"
"WIPRO","EQ","06-Sep-2022","405.50","407.00","407.35","401.25","405.10","404.45","403.79","91,13,081","3,67,97,85,976.35","1,62,711","50,68,062","55.61"
"WIPRO","EQ","05-Sep-2022","407.70","407.00","408.00","404.00","405.75","405.50","405.92","90,09,254","3,65,69,94,302.20","1,10,048","62,64,171","69.53"
"WIPRO","EQ","02-Sep-2022","410.45","412.55","412.75","407.10","407.65","407.70","408.95","49,07,540","2,00,69,21,360.20","1,07,906","27,17,937","55.38"
"WIPRO","EQ","01-Sep-2022","413.55","409.90","411.65","404.85","410.80","410.45","409.51","58,89,353","2,41,17,75,896.00","1,80,719","31,98,575","54.31"
"WIPRO","EQ","30-Aug-2022","404.35","409.15","415.95","406.25","414.20","413.55","411.85","98,75,496","4,06,72,14,932.65","1,35,079","58,50,152","59.24"
"WIPRO","EQ","29-Aug-2022","417.25","405.00","406.35","399.00","405.20","404.35","403.86","1,17,59,757","4,74,92,51,570.10","2,37,679","65,35,628","55.58"
"WIPRO","EQ","26-Aug-2022","415.20","418.50","422.50","416.30","417.65","417.25","419.34","39,52,097","1,65,72,87,852.30","78,576","14,64,734","37.06"
"WIPRO","EQ","25-Aug-2022","416.15","419.30","420.10","414.95","416.00","415.20","417.70","43,76,951","1,82,82,30,596.85","87,244","19,61,043","44.80"
"WIPRO","EQ","24-Aug-2022","416.65","417.80","419.50","414.35","416.30","416.15","416.31","37,14,585","1,54,64,09,039.05","78,252","15,48,457","41.69"
"WIPRO","EQ","23-Aug-2022","420.00","415.00","418.50","410.00","418.50","416.65","414.71","85,14,388","3,53,10,28,248.40","1,36,570","35,09,473","41.22"
"WIPRO","EQ","22-Aug-2022","432.45","430.90","430.90","419.05","420.20","420.00","423.58","64,50,290","2,73,21,82,272.40","1,44,420","39,28,558","60.91"
"WIPRO","EQ","19-Aug-2022","435.05","438.95","442.50","431.00","431.65","432.45","437.51","86,26,954","3,77,43,70,342.20","1,18,750","29,37,971","34.06"
"WIPRO","EQ","18-Aug-2022","443.05","441.75","441.75","434.05","435.50","435.05","435.91","84,44,130","3,68,09,17,274.65","1,66,259","38,40,634","45.48"
"WIPRO","EQ","17-Aug-2022","437.10","437.25","444.90","436.65","443.25","443.05","441.41","52,00,738","2,29,56,68,616.65","98,021","20,92,894","40.24"
"WIPRO","EQ","16-Aug-2022","436.10","438.50","439.80","436.60","437.25","437.10","437.87","23,87,104","1,04,52,33,600.85","69,802","11,12,014","46.58"
"WIPRO","EQ","12-Aug-2022","438.45","437.10","438.50","435.00","436.50","436.10","436.89","35,46,199","1,54,92,85,593.35","72,264","15,64,743","44.12"
"WIPRO","EQ","11-Aug-2022","430.15","438.00","442.00","436.30","438.45","438.45","439.20","45,77,322","2,01,03,50,292.55","82,575","17,50,806","38.25"
"WIPRO","EQ","10-Aug-2022","435.85","435.00","436.00","426.30","430.80","430.15","429.43","56,64,871","2,43,26,52,677.60","1,26,146","22,67,862","40.03"
"WIPRO","EQ","08-Aug-2022","440.00","442.80","442.80","435.20","436.40","435.85","436.88","47,78,748","2,08,77,32,921.60","1,13,717","21,66,364","45.33"
"WIPRO","EQ","05-Aug-2022","435.50","436.15","442.00","436.15","440.00","440.00","439.85","64,83,793","2,85,19,13,382.40","1,01,710","31,43,152","48.48"
"WIPRO","EQ","04-Aug-2022","432.35","437.05","440.30","427.10","435.00","435.50","435.69","88,94,567","3,87,52,37,953.60","1,22,733","41,26,300","46.39"
"WIPRO","EQ","03-Aug-2022","429.60","429.00","433.00","427.50","433.00","432.35","431.32","60,17,469","2,59,54,61,276.85","1,02,634","25,53,797","42.44"
"WIPRO","EQ","02-Aug-2022","429.00","428.95","431.65","424.65","428.35","429.60","428.98","84,56,213","3,62,75,04,991.40","1,29,149","51,31,584","60.68"
"WIPRO","EQ","01-Aug-2022","423.70","426.20","430.90","422.60","430.50","429.00","426.79","51,82,874","2,21,20,12,980.00","1,00,782","22,09,537","42.63"
"WIPRO","EQ","29-Jul-2022","416.00","420.60","424.30","417.80","423.95","423.70","422.09","79,59,892","3,35,98,06,441.15","1,22,222","34,54,801","43.40"
"WIPRO","EQ","28-Jul-2022","406.65","411.80","417.00","410.90","415.60","416.00","414.90","79,49,232","3,29,80,99,892.70","1,13,762","35,62,228","44.81"
"WIPRO","EQ","27-Jul-2022","405.20","404.95","407.40","401.95","407.20","406.65","405.70","70,42,079","2,85,69,94,166.85","93,899","43,04,008","61.12"
"WIPRO","EQ","26-Jul-2022","414.80","414.80","415.40","404.30","405.10","405.20","407.78","75,93,149","3,09,63,13,531.45","1,28,287","36,10,944","47.56"
"WIPRO","EQ","25-Jul-2022","410.85","410.50","415.65","408.55","414.80","414.80","412.99","62,67,831","2,58,85,55,711.80","98,310","30,84,164","49.21"
"WIPRO","EQ","22-Jul-2022","414.00","415.75","417.40","409.05","410.60","410.85","411.56","77,34,271","3,18,31,39,837.30","1,39,715","29,76,043","38.48"
"WIPRO","EQ","21-Jul-2022","412.10","408.85","417.50","402.60","413.35","414.00","411.22","2,26,91,171","9,33,09,99,104.10","2,28,765","59,84,015","26.37"
"WIPRO","EQ","20-Jul-2022","405.65","410.80","417.50","407.10","411.70","412.10","412.45","1,26,18,706","5,20,46,29,710.40","1,68,289","52,93,957","41.95"
"WIPRO","EQ","19-Jul-2022","404.75","403.00","407.80","401.20","405.50","405.65","404.95","64,48,589","2,61,13,33,420.10","1,01,344","21,79,968","33.81"
"WIPRO","EQ","18-Jul-2022","393.85","399.00","405.70","396.65","404.90","404.75","402.64","68,16,197","2,74,44,88,415.30","1,18,480","25,67,813","37.67"
"WIPRO","EQ","15-Jul-2022","401.45","400.95","404.10","391.00","393.50","393.85","394.69","1,11,64,177","4,40,63,55,241.35","2,24,422","47,09,925","42.19"
"WIPRO","EQ","14-Jul-2022","406.70","410.60","410.60","400.50","402.25","401.45","404.31","65,80,621","2,66,06,21,482.00","1,20,492","32,90,630","50.00"
"WIPRO","EQ","13-Jul-2022","409.15","412.00","412.00","405.35","407.10","406.70","408.54","59,78,390","2,44,24,28,451.95","1,29,671","28,53,190","47.73"
"WIPRO","EQ","12-Jul-2022","411.20","409.00","414.85","408.00","408.50","409.15","411.06","48,88,736","2,00,95,85,976.95","94,683","18,23,478","37.30"
"WIPRO","EQ","11-Jul-2022","419.10","414.75","415.00","405.55","411.30","411.20","409.83","83,44,787","3,41,99,66,140.85","1,49,773","31,80,553","38.11"
"WIPRO","EQ","08-Jul-2022","420.80","424.00","424.70","416.55","420.00","419.10","420.45","47,67,716","2,00,46,00,675.95","83,199","17,44,590","36.59"
"WIPRO","EQ","07-Jul-2022","416.05","420.00","423.95","417.20","420.95","420.80","420.91","53,53,012","2,25,31,44,411.50","98,119","25,14,255","46.97"
"WIPRO","EQ","06-Jul-2022","413.60","418.60","418.60","413.10","416.60","416.05","415.81","52,61,455","2,18,77,79,115.15","88,439","18,47,369","35.11"
"WIPRO","EQ","05-Jul-2022","420.30","421.10","423.05","413.05","414.20","413.60","418.43","57,56,605","2,40,87,43,760.00","1,44,794","26,56,460","46.15"
"WIPRO","EQ","04-Jul-2022","422.00","420.95","421.75","416.00","420.00","420.30","419.34","31,86,358","1,33,61,72,042.45","1,16,498","11,50,723","36.11"
"WIPRO","EQ","01-Jul-2022","416.05","415.00","423.20","411.40","422.05","422.00","416.53","44,53,624","1,85,50,63,930.55","97,314","14,21,883","31.93"
"WIPRO","EQ","30-Jun-2022","420.75","421.90","423.00","415.00","415.60","416.05","417.69","60,61,642","2,53,18,99,087.30","1,21,156","27,70,137","45.70"
"WIPRO","EQ","29-Jun-2022","427.25","420.00","424.80","417.40","419.35","420.75","421.69","83,42,088","3,51,77,75,520.85","99,270","41,14,114","49.32"
"WIPRO","EQ","28-Jun-2022","424.90","422.00","429.10","415.70","427.00","427.25","422.49","60,45,914","2,55,43,26,696.55","84,342","25,83,468","42.73"
"WIPRO","EQ","27-Jun-2022","418.75","427.00","430.75","424.00","424.95","424.90","426.86","62,23,935","2,65,67,18,746.95","99,848","23,56,276","37.86"
"WIPRO","EQ","24-Jun-2022","419.05","421.00","426.00","415.75","418.65","418.75","418.98","76,81,051","3,21,81,80,522.25","1,00,104","28,13,323","36.63"
"WIPRO","EQ","23-Jun-2022","411.25","412.50","420.80","411.30","420.80","419.05","416.72","98,27,505","4,09,53,66,833.40","1,17,424","49,89,491","50.77"
"WIPRO","EQ","22-Jun-2022","425.15","422.70","422.70","410.30","411.80","411.25","414.25","81,01,431","3,35,59,97,139.60","1,18,936","34,97,551","43.17"
"WIPRO","EQ","21-Jun-2022","414.65","420.00","426.75","416.65","425.40","425.15","423.27","60,93,902","2,57,93,90,905.80","1,38,487","19,91,589","32.68"
"WIPRO","EQ","20-Jun-2022","405.20","409.00","417.90","404.15","417.85","414.65","409.78","1,03,75,419","4,25,16,79,235.40","1,95,762","44,09,850","42.50"
"WIPRO","EQ","17-Jun-2022","422.30","416.00","418.75","402.05","406.40","405.20","407.44","2,07,75,273","8,46,47,53,515.00","2,98,525","1,10,09,933","53.00"
"WIPRO","EQ","16-Jun-2022","440.10","446.00","446.75","419.75","421.85","422.30","428.42","89,72,343","3,84,39,40,128.50","2,26,961","40,14,888","44.75"
"WIPRO","EQ","15-Jun-2022","445.90","448.45","450.65","439.30","440.45","440.10","442.92","56,95,798","2,52,27,77,100.60","1,62,012","28,17,756","49.47"
"WIPRO","EQ","14-Jun-2022","446.10","440.00","453.70","438.00","446.00","445.90","448.37","65,28,192","2,92,70,42,078.30","1,16,425","24,11,166","36.93"
"WIPRO","EQ","13-Jun-2022","460.95","450.05","453.00","445.00","447.50","446.10","449.15","70,65,411","3,17,34,60,355.50","1,62,709","36,31,165","51.39"
"WIPRO","EQ","10-Jun-2022","475.05","467.20","467.20","456.30","461.20","460.95","460.04","87,26,549","4,01,45,33,431.70","1,51,160","37,31,946","42.77"
"WIPRO","EQ","09-Jun-2022","470.40","467.05","476.15","464.25","475.65","475.05","470.77","37,01,119","1,74,23,63,909.50","77,806","14,19,474","38.35"
"WIPRO","EQ","08-Jun-2022","467.65","471.05","472.00","464.30","470.00","470.40","469.31","28,13,826","1,32,05,45,486.55","62,994","9,63,483","34.24"
"WIPRO","EQ","07-Jun-2022","473.20","470.00","470.75","465.15","467.20","467.65","467.67","23,50,671","1,09,93,32,680.60","62,867","8,60,089","36.59"
"WIPRO","EQ","06-Jun-2022","475.50","472.00","475.50","464.20","473.80","473.20","469.96","68,95,578","3,24,06,31,698.95","92,789","33,96,783","49.26"
"WIPRO","EQ","03-Jun-2022","474.15","479.65","488.00","474.50","476.75","475.50","483.14","1,16,34,889","5,62,12,66,371.95","1,50,795","48,13,606","41.37"
"WIPRO","EQ","02-Jun-2022","470.75","471.80","476.45","468.10","474.50","474.15","474.08","52,67,520","2,49,72,30,087.50","89,913","20,01,776","38.00"
"WIPRO","EQ","01-Jun-2022","478.05","478.95","478.95","468.50","471.70","470.75","473.95","52,57,283","2,49,16,82,017.45","91,697","22,92,910","43.61"
"WIPRO","EQ","31-May-2022","476.25","475.90","480.75","470.40","479.50","478.05","477.58","1,57,93,502","7,54,27,33,128.90","1,02,083","1,16,86,902","74.00"
"WIPRO","EQ","30-May-2022","466.95","473.15","481.50","473.15","476.20","476.25","477.62","61,45,574","2,93,52,62,422.45","1,11,979","18,52,549","30.14"
"WIPRO","EQ","27-May-2022","453.35","460.00","467.95","456.25","467.60","466.95","462.88","57,07,236","2,64,17,78,036.65","1,03,129","13,28,410","23.28"
"WIPRO","EQ","26-May-2022","444.85","446.00","454.70","444.00","454.60","453.35","448.94","57,91,541","2,60,00,79,513.85","1,05,271","19,28,994","33.31"
"WIPRO","EQ","25-May-2022","459.95","460.15","460.85","443.20","446.70","444.85","448.23","77,40,753","3,46,96,03,501.45","1,63,344","39,18,712","50.62"
"WIPRO","EQ","24-May-2022","466.00","468.45","469.60","458.00","460.70","459.95","462.17","68,89,730","3,18,42,05,446.40","1,23,970","37,18,199","53.97"
"WIPRO","EQ","23-May-2022","459.60","463.80","467.80","457.50","467.00","466.00","464.33","70,55,784","3,27,62,12,525.75","1,03,619","39,31,993","55.73"
"WIPRO","EQ","20-May-2022","451.15","462.00","462.20","455.00","459.80","459.60","458.53","63,65,956","2,91,89,81,444.95","1,49,463","24,29,947","38.17"
"WIPRO","EQ","19-May-2022","481.25","466.15","473.80","450.00","453.45","451.15","457.27","1,14,72,989","5,24,62,09,508.05","2,79,938","53,77,119","46.87"
"WIPRO","EQ","18-May-2022","486.65","490.90","495.25","480.60","481.80","481.25","487.64","76,95,484","3,75,26,46,274.35","1,38,031","29,97,103","38.95"
"WIPRO","EQ","17-May-2022","468.00","471.00","489.00","468.30","488.00","486.65","478.33","56,60,725","2,70,76,76,436.40","1,08,075","23,85,188","42.14"
"WIPRO","EQ","16-May-2022","468.65","474.00","474.35","465.00","468.80","468.00","468.95","36,57,033","1,71,49,79,350.25","92,711","12,57,259","34.38"
"WIPRO","EQ","13-May-2022","473.80","479.50","479.50","467.00","468.80","468.65","472.26","83,87,659","3,96,11,89,111.90","2,03,118","37,51,197","44.72"
"WIPRO","EQ","12-May-2022","471.90","468.10","476.00","462.15","475.50","473.80","470.53","72,86,500","3,42,85,24,387.95","1,73,792","27,92,051","38.32"
"WIPRO","EQ","11-May-2022","477.65","480.05","481.95","462.55","475.95","471.90","470.86","1,05,14,671","4,95,09,67,219.40","2,18,374","59,43,810","56.53"
"WIPRO","EQ","10-May-2022","483.15","483.00","483.75","476.15","477.10","477.65","480.28","74,84,767","3,59,47,99,985.70","1,71,652","49,28,203","65.84"
"WIPRO","EQ","09-May-2022","485.10","482.00","489.35","474.60","483.85","483.15","483.71","83,37,625","4,03,29,66,172.15","1,73,536","37,78,334","45.32"
"WIPRO","EQ","06-May-2022","501.15","490.00","490.90","481.00","486.30","485.10","484.25","92,20,891","4,46,52,40,070.80","2,44,960","43,66,251","47.35"
"WIPRO","EQ","05-May-2022","491.75","501.00","503.70","496.30","500.90","501.15","499.05","54,34,766","2,71,22,29,675.65","1,11,146","21,39,240","39.36"
"WIPRO","EQ","04-May-2022","495.00","500.00","503.85","489.25","492.25","491.75","496.12","86,33,927","4,28,34,82,799.65","1,71,468","35,36,903","40.97"
"WIPRO","EQ","02-May-2022","508.80","515.50","519.00","492.60","495.50","495.00","498.28","2,19,11,427","10,91,79,19,555.45","4,91,356","1,18,36,888","54.02"
"WIPRO","EQ","29-Apr-2022","522.55","528.50","528.50","507.00","508.00","508.80","514.09","1,20,75,630","6,20,79,08,080.65","3,01,947","60,30,748","49.94"
"WIPRO","EQ","28-Apr-2022","518.95","524.00","526.65","516.00","522.50","522.55","521.29","66,20,669","3,45,13,18,601.60","1,61,867","34,87,304","52.67"
"WIPRO","EQ","27-Apr-2022","529.25","527.00","527.00","514.50","520.00","518.95","518.85","81,37,539","4,22,21,47,096.55","1,78,169","36,94,117","45.40"
"WIPRO","EQ","26-Apr-2022","529.35","537.00","537.75","527.10","528.95","529.25","532.42","43,59,370","2,32,10,07,948.85","1,07,572","21,21,881","48.67"
"WIPRO","EQ","25-Apr-2022","537.70","529.95","531.15","523.30","530.60","529.35","527.62","47,36,884","2,49,92,68,389.60","1,34,390","21,32,593","45.02"
"WIPRO","EQ","22-Apr-2022","539.20","535.00","540.85","530.65","537.80","537.70","537.06","48,91,212","2,62,68,68,279.90","1,00,828","18,26,776","37.35"
"WIPRO","EQ","21-Apr-2022","536.50","541.00","542.50","537.35","539.90","539.20","539.84","66,94,391","3,61,39,09,075.15","97,342","41,70,515","62.30"
"WIPRO","EQ","20-Apr-2022","530.45","536.00","540.55","531.35","538.00","536.50","536.75","43,30,488","2,32,43,71,185.20","1,08,433","16,56,555","38.25"
"WIPRO","EQ","19-Apr-2022","538.60","544.00","545.55","526.05","528.65","530.45","536.67","66,43,004","3,56,50,95,417.30","1,83,436","33,57,095","50.54"
"WIPRO","EQ","18-Apr-2022","559.20","549.85","549.85","536.00","540.55","538.60","540.77","94,65,031","5,11,84,03,173.55","2,99,841","54,08,972","57.15"
"WIPRO","EQ","13-Apr-2022","558.70","560.00","565.50","554.60","559.80","559.20","559.96","56,02,288","3,13,70,75,774.95","1,25,855","22,76,970","40.64"
"WIPRO","EQ","12-Apr-2022","571.10","568.00","568.00","556.20","558.55","558.70","560.87","81,69,266","4,58,18,75,633.75","1,97,719","40,90,026","50.07"
"WIPRO","EQ","11-Apr-2022","583.65","584.00","584.25","568.10","571.45","571.10","573.04","85,82,108","4,91,79,25,388.85","2,11,764","43,81,201","51.05"
"WIPRO","EQ","08-Apr-2022","580.85","586.00","587.00","580.50","585.00","583.65","584.19","43,18,316","2,52,27,37,044.15","1,14,666","20,41,319","47.27"
"WIPRO","EQ","07-Apr-2022","593.55","592.00","592.00","577.50","582.20","580.85","583.33","78,60,765","4,58,54,17,241.00","2,10,980","38,18,735","48.58"
"WIPRO","EQ","06-Apr-2022","599.15","598.00","598.00","591.00","593.50","593.55","593.87","41,17,951","2,44,55,40,020.40","1,05,112","19,72,687","47.90"
"WIPRO","EQ","05-Apr-2022","605.60","605.45","609.50","598.05","599.00","599.15","601.90","64,31,244","3,87,09,55,897.80","1,51,120","31,75,117","49.37"
"WIPRO","EQ","04-Apr-2022","601.80","605.00","606.50","599.00","606.00","605.60","604.34","44,27,974","2,67,59,81,737.00","1,05,855","22,95,199","51.83"
"WIPRO","EQ","01-Apr-2022","591.90","591.70","603.40","589.30","602.75","601.80","596.88","42,83,997","2,55,70,12,610.60","93,484","22,06,719","51.51"
"WIPRO","EQ","31-Mar-2022","600.80","600.00","603.30","590.20","593.50","591.90","594.86","72,38,089","4,30,56,52,344.85","1,62,527","42,66,605","58.95"
"WIPRO","EQ","30-Mar-2022","602.50","605.10","609.30","599.50","600.10","600.80","604.10","77,44,382","4,67,83,73,317.15","1,16,562","54,49,810","70.37"
"WIPRO","EQ","29-Mar-2022","600.20","603.00","605.35","599.15","603.90","602.50","602.19","47,01,003","2,83,08,80,767.40","73,506","29,27,466","62.27"
"WIPRO","EQ","28-Mar-2022","603.35","608.00","609.00","597.10","600.00","600.20","601.36","57,38,405","3,45,08,47,646.85","87,595","32,72,847","57.03"
"WIPRO","EQ","25-Mar-2022","610.55","611.00","614.00","597.25","604.45","603.35","605.05","59,93,097","3,62,61,15,210.65","1,22,975","33,45,680","55.83"
"WIPRO","EQ","24-Mar-2022","611.20","607.00","613.80","605.80","611.10","610.55","610.70","38,75,745","2,36,69,36,828.25","78,824","17,10,194","44.13"
"WIPRO","EQ","23-Mar-2022","610.05","613.95","615.00","607.70","610.60","611.20","610.96","56,96,918","3,48,05,76,433.10","1,09,171","32,11,636","56.37"
"WIPRO","EQ","22-Mar-2022","600.00","603.40","611.00","596.15","610.50","610.05","604.33","77,90,250","4,70,78,99,108.05","1,10,911","25,73,280","33.03"
"WIPRO","EQ","21-Mar-2022","601.20","605.10","616.00","598.00","600.50","600.00","606.59","77,96,476","4,72,92,27,901.70","1,23,204","30,82,277","39.53"
"WIPRO","EQ","17-Mar-2022","598.25","605.00","611.00","599.00","602.95","601.20","605.00","84,40,645","5,10,66,30,935.30","1,24,518","44,13,922","52.29"
"WIPRO","EQ","16-Mar-2022","587.70","595.25","599.45","592.50","598.60","598.25","596.28","55,75,148","3,32,43,68,756.95","94,616","26,64,615","47.79"
"WIPRO","EQ","15-Mar-2022","598.15","603.70","603.70","584.30","587.40","587.70","593.02","69,26,622","4,10,76,49,657.15","1,15,955","27,94,377","40.34"
"WIPRO","EQ","14-Mar-2022","586.20","586.40","600.80","586.00","597.70","598.15","596.30","75,03,221","4,47,41,92,625.10","1,34,598","33,94,503","45.24"
"WIPRO","EQ","11-Mar-2022","588.25","587.00","590.00","582.40","586.10","586.20","586.57","49,63,594","2,91,15,14,942.10","95,181","24,66,747","49.70"
"WIPRO","EQ","10-Mar-2022","585.50","595.00","596.50","584.60","587.45","588.25","589.55","80,80,983","4,76,41,21,467.25","1,55,438","37,41,997","46.31"
"WIPRO","EQ","09-Mar-2022","587.45","588.00","596.40","582.15","587.70","585.50","591.12","1,17,63,616","6,95,37,23,022.40","2,33,075","58,11,285","49.40"
"WIPRO","EQ","08-Mar-2022","571.85","572.00","590.75","572.00","587.25","587.45","580.96","1,10,19,999","6,40,22,31,935.55","1,95,154","54,70,289","49.64"
"WIPRO","EQ","07-Mar-2022","575.30","563.00","579.65","562.25","572.00","571.85","573.14","1,05,56,167","6,05,02,04,622.85","1,86,568","46,71,181","44.25"
"WIPRO","EQ","04-Mar-2022","569.55","561.00","580.00","554.05","573.55","575.30","569.46","1,34,74,186","7,67,30,70,742.40","1,86,880","69,92,617","51.90"
"WIPRO","EQ","03-Mar-2022","555.20","563.00","575.95","560.35","570.45","569.55","571.02","1,29,55,663","7,39,79,06,511.30","1,84,234","62,34,900","48.12"
"WIPRO","EQ","02-Mar-2022","555.80","555.00","558.30","550.40","557.10","555.20","554.96","81,77,055","4,53,79,34,615.45","1,45,582","49,43,603","60.46"
"WIPRO","EQ","28-Feb-2022","555.25","551.00","560.10","544.10","556.30","555.80","554.54","91,58,437","5,07,87,06,365.25","1,14,738","47,72,984","52.12"
"WIPRO","EQ","25-Feb-2022","537.15","548.00","558.75","547.50","556.00","555.25","554.50","79,61,312","4,41,45,78,976.70","1,35,467","34,16,071","42.91"
"WIPRO","EQ","24-Feb-2022","567.10","548.00","556.90","531.15","538.30","537.15","544.12","1,34,76,944","7,33,30,30,977.60","2,45,211","65,19,106","48.37"
"WIPRO","EQ","23-Feb-2022","564.15","569.20","570.90","562.65","566.00","567.10","566.59","72,04,256","4,08,18,57,513.15","1,09,133","31,10,638","43.18"
"WIPRO","EQ","22-Feb-2022","570.80","556.25","569.00","556.10","562.20","564.15","563.96","1,07,45,062","6,05,97,38,465.30","1,48,389","39,84,807","37.09"
"WIPRO","EQ","21-Feb-2022","562.45","555.75","572.70","555.40","571.90","570.80","566.29","87,67,001","4,96,46,77,275.10","1,44,477","38,67,641","44.12"
"WIPRO","EQ","18-Feb-2022","564.90","559.00","565.70","555.35","562.50","562.45","560.97","67,05,919","3,76,18,46,880.05","1,12,569","23,00,868","34.31"
"WIPRO","EQ","17-Feb-2022","563.90","572.00","572.40","561.15","563.95","564.90","566.54","71,14,420","4,03,06,13,862.75","1,27,323","22,13,735","31.12"
"WIPRO","EQ","16-Feb-2022","563.35","565.15","570.30","557.55","561.50","563.90","563.44","73,03,911","4,11,53,10,264.70","1,19,985","35,78,751","49.00"
"WIPRO","EQ","15-Feb-2022","541.70","545.60","565.25","543.25","565.00","563.35","554.34","68,38,496","3,79,08,29,514.75","1,52,740","19,59,576","28.66"
"WIPRO","EQ","14-Feb-2022","561.45","550.00","557.15","540.00","542.45","541.70","549.39","81,20,773","4,46,15,05,135.35","1,90,993","34,74,656","42.79"
"WIPRO","EQ","11-Feb-2022","573.65","566.00","566.00","557.10","561.25","561.45","560.79","77,21,229","4,32,99,93,161.55","1,59,312","35,11,364","45.48"
"WIPRO","EQ","10-Feb-2022","568.95","572.40","574.75","566.20","573.90","573.65","570.83","58,01,912","3,31,19,18,818.10","1,31,663","33,59,182","57.90"
"WIPRO","EQ","09-Feb-2022","560.25","564.40","570.75","563.30","569.50","568.95","568.38","51,03,738","2,90,08,83,008.30","97,434","24,27,954","47.57"
"WIPRO","EQ","08-Feb-2022","557.00","561.40","565.80","554.45","559.90","560.25","560.20","69,76,907","3,90,84,37,097.95","1,27,178","27,90,796","40.00"
"WIPRO","EQ","07-Feb-2022","571.75","571.90","573.80","555.60","557.80","557.00","561.96","75,45,679","4,24,03,61,819.80","1,80,732","38,45,730","50.97"
"WIPRO","EQ","04-Feb-2022","578.25","577.00","577.80","568.05","573.00","571.75","573.73","68,16,779","3,91,09,92,144.50","1,38,822","31,49,406","46.20"
"WIPRO","EQ","03-Feb-2022","588.00","584.70","588.80","576.15","577.80","578.25","582.86","70,41,390","4,10,41,24,109.35","1,29,088","30,95,774","43.97"
"WIPRO","EQ","02-Feb-2022","576.65","582.00","590.00","575.00","589.40","588.00","585.60","81,84,413","4,79,27,99,141.25","1,50,980","31,95,626","39.05"
"WIPRO","EQ","01-Feb-2022","572.60","579.90","582.40","566.45","577.50","576.65","575.24","1,04,60,101","6,01,70,65,488.85","2,08,035","37,38,761","35.74"
"WIPRO","EQ","31-Jan-2022","552.15","569.00","574.40","562.55","573.00","572.60","569.95","1,31,26,087","7,48,12,06,036.45","2,39,165","53,45,041","40.72"
"WIPRO","EQ","28-Jan-2022","544.75","550.10","564.95","546.65","552.00","552.15","557.50","1,49,49,890","8,33,45,94,506.35","3,18,562","69,12,718","46.24"
"WIPRO","EQ","27-Jan-2022","562.70","555.00","556.90","537.20","545.30","544.75","544.98","1,56,75,872","8,54,30,41,599.75","3,64,388","70,38,986","44.90"
"WIPRO","EQ","25-Jan-2022","572.75","562.50","572.00","550.70","563.50","562.70","562.21","1,73,56,185","9,75,77,63,136.60","3,87,154","84,99,268","48.97"
"WIPRO","EQ","24-Jan-2022","605.05","605.50","605.50","568.45","572.00","572.75","580.89","1,30,75,358","7,59,53,94,133.15","3,58,789","58,24,990","44.55"
"WIPRO","EQ","21-Jan-2022","615.20","610.00","611.00","600.80","605.50","605.05","605.79","98,23,347","5,95,08,65,121.35","2,71,103","51,29,054","52.21"
"WIPRO","EQ","20-Jan-2022","621.15","620.65","622.40","610.50","616.00","615.20","615.09","84,13,562","5,17,50,70,110.25","2,36,580","43,59,040","51.81"
"WIPRO","EQ","19-Jan-2022","633.30","631.00","631.65","619.00","623.00","621.15","622.39","86,91,383","5,40,94,66,617.85","2,60,851","47,22,203","54.33"
"WIPRO","EQ","18-Jan-2022","646.65","648.90","650.00","631.15","634.90","633.30","640.09","71,64,990","4,58,62,53,613.25","2,08,075","37,88,717","52.88"
"WIPRO","EQ","17-Jan-2022","639.80","639.50","651.65","633.05","646.20","646.65","644.69","1,02,28,938","6,59,44,47,611.45","2,14,235","43,01,516","42.05"
"WIPRO","EQ","14-Jan-2022","649.75","649.25","649.25","636.50","640.25","639.80","640.71","1,32,57,274","8,49,40,94,446.50","2,95,017","71,81,140","54.17"
"WIPRO","EQ","13-Jan-2022","691.35","663.20","666.00","648.00","650.05","649.75","653.90","3,07,52,967","20,10,93,85,971.10","5,49,500","1,24,54,314","40.50"
"WIPRO","EQ","12-Jan-2022","694.15","700.00","701.75","683.20","691.00","691.35","689.99","1,17,30,341","8,09,38,49,938.85","2,31,777","46,73,009","39.84"
"WIPRO","EQ","11-Jan-2022","693.50","695.00","698.45","689.00","694.75","694.15","693.99","77,43,729","5,37,40,54,807.25","1,62,859","33,24,495","42.93"
"WIPRO","EQ","10-Jan-2022","711.50","709.00","709.00","690.00","694.85","693.50","696.03","1,37,68,910","9,58,36,40,470.45","2,99,201","69,50,923","50.48"
"WIPRO","EQ","07-Jan-2022","705.75","708.00","721.50","707.60","708.10","711.50","714.64","65,60,163","4,68,81,31,223.10","1,08,556","27,44,480","41.84"
"WIPRO","EQ","06-Jan-2022","713.50","705.80","712.25","699.95","706.20","705.75","706.11","64,41,610","4,54,85,14,019.30","1,13,645","33,01,841","51.26"
"WIPRO","EQ","05-Jan-2022","721.50","720.00","720.85","703.00","713.60","713.50","711.37","73,55,632","5,23,26,09,495.95","1,35,056","34,18,195","46.47"
"WIPRO","EQ","04-Jan-2022","718.70","722.75","723.10","711.55","722.00","721.50","718.18","51,14,400","3,67,30,42,530.15","94,475","20,97,300","41.01"
"WIPRO","EQ","03-Jan-2022","715.35","718.00","726.80","716.00","718.95","718.70","720.13","46,40,405","3,34,16,71,783.10","86,315","17,96,855","38.72"
"WIPRO","EQ","31-Dec-2021","714.10","715.80","718.80","709.10","715.30","715.35","713.70","42,74,779","3,05,09,06,705.95","94,710","14,22,185","33.27"
"WIPRO","EQ","30-Dec-2021","703.70","705.10","719.90","704.00","716.15","714.10","714.51","90,43,675","6,46,17,72,648.80","1,46,624","28,97,093","32.03"
"WIPRO","EQ","29-Dec-2021","705.45","705.25","710.00","700.05","703.80","703.70","705.04","39,49,208","2,78,43,46,135.90","82,721","17,37,779","44.00"
"WIPRO","EQ","28-Dec-2021","699.60","703.00","707.50","701.55","705.25","705.45","704.64","50,79,022","3,57,88,88,797.75","92,950","21,26,184","41.86"
"WIPRO","EQ","27-Dec-2021","698.45","699.85","701.00","691.15","699.00","699.60","696.98","50,94,328","3,55,06,63,175.90","89,498","16,58,673","32.56"
"WIPRO","EQ","24-Dec-2021","694.55","697.75","702.40","690.15","697.65","698.45","696.16","65,91,213","4,58,85,16,727.50","1,04,089","19,85,825","30.13"
"WIPRO","EQ","23-Dec-2021","685.65","690.10","702.00","689.10","693.75","694.55","694.81","64,72,454","4,49,71,07,109.50","1,13,153","25,36,126","39.18"
"WIPRO","EQ","22-Dec-2021","690.80","695.90","695.90","681.20","686.00","685.65","686.04","61,63,877","4,22,86,84,112.50","1,15,900","20,40,519","33.10"
"WIPRO","EQ","21-Dec-2021","665.95","676.00","697.10","671.00","691.15","690.80","687.97","1,36,81,048","9,41,21,55,711.15","2,29,706","39,17,232","28.63"
"WIPRO","EQ","20-Dec-2021","670.80","667.55","677.50","663.00","665.70","665.95","669.49","1,31,49,101","8,80,31,94,878.40","2,34,233","31,18,757","23.72"
"WIPRO","EQ","17-Dec-2021","644.30","660.00","676.80","650.10","674.75","670.80","666.35","5,23,00,009","34,85,03,53,508.90","3,29,867","2,70,77,353","51.77"
"WIPRO","EQ","16-Dec-2021","636.40","644.00","649.90","639.40","647.50","644.30","644.54","62,18,620","4,00,81,41,650.65","1,06,870","23,58,282","37.92"
"WIPRO","EQ","15-Dec-2021","646.90","646.70","646.70","635.35","636.55","636.40","638.83","35,61,772","2,27,53,55,818.65","78,869","16,06,411","45.10"
"WIPRO","EQ","14-Dec-2021","645.40","646.00","651.90","639.25","647.00","646.90","647.11","43,04,706","2,78,56,26,529.10","87,148","18,59,554","43.20"
"WIPRO","EQ","13-Dec-2021","638.25","643.50","656.55","640.20","646.95","645.40","648.19","65,61,840","4,25,33,17,199.65","1,08,644","31,95,970","48.71"
"WIPRO","EQ","10-Dec-2021","643.20","642.15","645.90","635.10","638.40","638.25","639.36","42,62,606","2,72,53,41,167.35","91,876","22,87,232","53.66"
"WIPRO","EQ","09-Dec-2021","641.70","641.75","647.60","637.85","644.70","643.20","641.58","34,32,802","2,20,24,13,410.20","64,614","14,03,638","40.89"
"WIPRO","EQ","08-Dec-2021","632.40","639.00","653.00","638.25","642.10","641.70","645.26","76,80,329","4,95,58,38,181.65","1,28,789","30,23,218","39.36"
"WIPRO","EQ","07-Dec-2021","624.50","628.00","634.55","623.00","633.40","632.40","629.63","42,78,545","2,69,39,08,721.85","71,662","18,18,419","42.50"
"WIPRO","EQ","06-Dec-2021","640.75","637.25","644.20","623.15","624.60","624.50","631.19","47,04,953","2,96,97,20,316.95","1,01,023","22,26,869","47.33"
"WIPRO","EQ","03-Dec-2021","646.80","644.75","653.95","639.90","640.45","640.75","644.93","67,02,505","4,32,26,45,999.85","1,08,629","36,54,411","54.52"
"WIPRO","EQ","02-Dec-2021","634.80","636.90","648.10","629.00","646.50","646.80","641.38","51,05,228","3,27,43,88,563.95","1,03,641","21,60,910","42.33"
"WIPRO","EQ","01-Dec-2021","637.25","642.60","645.95","633.25","635.60","634.80","638.51","47,26,822","3,01,81,04,580.75","1,17,863","21,90,068","46.33"
"WIPRO","EQ","30-Nov-2021","630.60","630.60","645.50","630.50","638.00","637.25","637.33","1,34,25,100","8,55,62,82,617.60","1,64,308","87,10,600","64.88"
"WIPRO","EQ","29-Nov-2021","621.45","616.55","632.85","603.95","631.15","630.60","622.20","51,88,030","3,22,79,94,434.75","1,30,635","16,85,169","32.48"
"WIPRO","EQ","26-Nov-2021","636.70","632.00","634.40","619.65","621.30","621.45","626.73","41,38,537","2,59,37,30,924.90","1,44,956","18,46,220","44.61"
"WIPRO","EQ","25-Nov-2021","636.50","637.00","641.80","633.00","636.45","636.70","636.32","33,30,681","2,11,93,88,342.60","77,901","12,96,803","38.94"
"WIPRO","EQ","24-Nov-2021","642.80","644.30","647.60","633.10","634.20","636.50","640.76","39,92,776","2,55,84,09,628.70","1,19,591","17,55,566","43.97"
"WIPRO","EQ","23-Nov-2021","644.05","642.70","648.95","626.05","642.75","642.80","642.44","45,67,462","2,93,43,28,053.80","1,21,220","15,51,884","33.98"
"WIPRO","EQ","22-Nov-2021","651.45","658.00","660.45","638.00","645.80","644.05","650.78","57,91,217","3,76,88,07,726.50","1,49,258","21,32,153","36.82"
"WIPRO","EQ","18-Nov-2021","661.80","663.40","665.95","645.25","649.50","651.45","653.37","39,21,249","2,56,20,25,833.60","90,853","17,72,807","45.21"
"WIPRO","EQ","17-Nov-2021","661.45","661.45","668.00","658.00","663.00","661.80","663.14","44,27,497","2,93,60,51,418.75","83,228","20,95,936","47.34"
"WIPRO","EQ","16-Nov-2021","658.90","658.40","668.75","654.65","662.00","661.45","663.81","56,63,547","3,75,94,95,855.85","1,01,954","29,28,701","51.71"
"WIPRO","EQ","15-Nov-2021","660.05","661.55","666.00","657.15","658.95","658.90","662.08","47,17,998","3,12,36,86,556.95","1,02,378","18,11,254","38.39"
"WIPRO","EQ","12-Nov-2021","641.80","648.00","662.50","645.80","661.00","660.05","653.90","60,63,253","3,96,47,91,301.40","1,15,112","27,46,168","45.29"
"WIPRO","EQ","11-Nov-2021","652.60","649.75","649.75","636.80","642.95","641.80","642.26","60,33,898","3,87,53,31,679.85","1,62,350","26,00,931","43.11"
"WIPRO","EQ","10-Nov-2021","658.45","655.90","659.00","651.55","652.95","652.60","655.01","40,45,695","2,64,99,62,255.10","91,517","23,96,837","59.24"
"WIPRO","EQ","09-Nov-2021","658.35","663.10","666.25","656.70","658.00","658.45","661.98","41,42,065","2,74,19,65,642.05","85,828","19,29,674","46.59"
"WIPRO","EQ","08-Nov-2021","653.70","652.95","661.00","647.50","658.35","658.35","655.07","47,52,230","3,11,30,57,040.40","1,02,448","21,77,534","45.82"
"WIPRO","EQ","04-Nov-2021","652.50","655.00","657.65","647.40","652.00","653.70","654.96","7,82,905","51,27,72,023.70","47,769","4,79,093","61.19"
"WIPRO","EQ","03-Nov-2021","653.80","659.40","661.85","650.20","652.25","652.50","654.96","34,35,591","2,25,01,88,179.55","73,421","13,72,089","39.94"
"WIPRO","EQ","02-Nov-2021","655.45","657.00","661.00","651.10","655.90","653.80","654.53","40,39,689","2,64,41,14,247.15","84,037","21,04,938","52.11"
"WIPRO","EQ","01-Nov-2021","646.75","651.10","656.95","647.50","654.30","655.45","652.23","44,01,233","2,87,06,02,842.25","96,834","20,22,049","45.94"
"WIPRO","EQ","29-Oct-2021","656.90","658.25","659.40","644.25","647.50","646.75","650.35","67,61,317","4,39,72,39,764.80","1,50,671","33,15,111","49.03"
"WIPRO","EQ","28-Oct-2021","671.10","671.00","671.60","655.00","657.15","656.90","663.73","51,78,771","3,43,73,06,512.70","1,11,991","21,10,456","40.75"
"WIPRO","EQ","27-Oct-2021","668.15","668.15","674.55","663.45","671.00","671.10","669.04","63,15,589","4,22,54,12,463.25","97,570","29,41,563","46.58"
"WIPRO","EQ","26-Oct-2021","667.70","671.05","678.80","665.00","670.00","668.15","669.48","60,96,983","4,08,17,91,619.45","1,03,342","26,87,152","44.07"
"WIPRO","EQ","25-Oct-2021","682.40","682.75","684.20","660.80","667.25","667.70","667.74","88,10,958","5,88,34,63,119.15","1,55,221","41,56,554","47.17"
"WIPRO","EQ","22-Oct-2021","696.30","701.75","705.50","678.25","683.00","682.40","689.25","53,79,151","3,70,75,74,676.90","1,19,174","14,53,991","27.03"
"WIPRO","EQ","21-Oct-2021","701.95","708.95","709.00","681.70","696.75","696.30","694.67","79,58,456","5,52,84,90,960.75","1,40,510","28,51,949","35.84"
"WIPRO","EQ","20-Oct-2021","711.55","713.60","722.75","695.75","703.00","701.95","705.96","80,54,391","5,68,60,39,585.90","1,72,231","31,19,495","38.73"
"WIPRO","EQ","19-Oct-2021","709.75","717.10","729.95","708.00","714.00","711.55","721.38","1,09,32,574","7,88,64,86,105.85","2,35,015","30,18,306","27.61"
"WIPRO","EQ","18-Oct-2021","708.25","719.00","720.80","702.40","711.05","709.75","711.39","1,05,99,446","7,54,03,70,905.75","1,69,511","48,32,594","45.59"
"WIPRO","EQ","14-Oct-2021","672.60","697.00","739.85","695.00","709.00","708.25","717.07","5,91,88,803","42,44,22,90,634.00","7,21,106","1,04,79,152","17.70"
"WIPRO","EQ","13-Oct-2021","659.10","665.00","674.70","656.00","672.35","672.60","664.89","94,62,941","6,29,18,31,298.85","1,58,303","36,37,918","38.44"
"WIPRO","EQ","12-Oct-2021","652.80","652.00","662.40","642.55","659.50","659.10","653.44","93,40,216","6,10,32,74,797.70","1,42,111","39,68,061","42.48"
"WIPRO","EQ","11-Oct-2021","661.15","648.95","666.30","635.00","653.55","652.80","651.74","1,02,11,466","6,65,51,95,303.70","1,68,705","25,80,033","25.27"
"WIPRO","EQ","08-Oct-2021","642.95","646.15","667.55","645.00","661.95","661.15","659.07","1,10,45,983","7,28,01,09,460.10","1,87,676","26,84,472","24.30"
"WIPRO","EQ","07-Oct-2021","635.75","639.00","648.55","636.90","643.80","642.95","643.86","37,24,343","2,39,79,69,493.00","84,656","15,37,354","41.28"
"WIPRO","EQ","06-Oct-2021","646.85","650.40","650.45","634.40","635.40","635.75","640.73","48,36,599","3,09,52,28,020.25","1,18,313","22,66,980","46.87"
"WIPRO","EQ","05-Oct-2021","641.05","636.45","649.50","634.05","647.40","646.85","641.56","54,56,074","3,50,03,91,664.95","1,07,964","19,22,472","35.24"
"WIPRO","EQ","04-Oct-2021","636.25","639.90","643.60","635.95","643.35","641.05","638.84","52,47,122","3,35,50,73,760.25","1,22,772","29,03,508","55.34"
